fournisseur;ref_sku;nom_commercial;famille;categorie;gamme;technologie;poids_unitaire;unites_par_colis;colis_par_palette;poids_colis_kg;ingredients;allergenes_declares;traces_possibles;labels;ddm_mois;provenance;statut;id_generique;url_source;date_collecte
Bridor;33250;Croissant 40g;VIEN;croissants;Les Savoureux;PAC;40g;165;64;6.6;farine de BLÉ, beurre fin (LAIT) 23%, eau, levure, sucre, ŒUFS, sel, gluten de BLÉ, agents de traitement de la farine (acide ascorbique, alpha-amylases, hémicellulases).ŒUFS issus de poules élevées au sol.;gluten, lait, œufs;graines de sésame, soja, fruits à coque;"Végétarien; Beurre; Oeufs Plein Air; Clean Label; Halal; Oeufs Ponte au Sol; Beurre Fin";12;n.d.;ACTIF;VIEN-CROI-40;https://www.bridor.com/fr-fr/catalogue-produit/viennoiseries/croissants/croissant-40g-33250;2026-09-10
Bridor;32960;Croissant 50g;VIEN;croissants;Eclat Du Terroir;PAC;50g;120;64;6.0;farine de BLÉ, beurre fin (LAIT) 23%, eau, sucre, levure, poudre de LAIT entier, sel, gluten de BLÉ, ŒUFS, agents de traitement de la farine (acide ascorbique, alpha-amylases, hémicellulases).ŒUFS issus de poules élevées au sol.;gluten, lait, œufs;graines de sésame, soja, fruits à coque;"Végétarien; Beurre; Oeufs Plein Air; Clean Label; Halal; Oeufs Ponte au Sol; Beurre Fin";12;n.d.;ACTIF;VIEN-CROI-50;https://www.bridor.com/fr-fr/catalogue-produit/viennoiseries/croissants/croissant-50g-32960;2026-09-10
Bridor;30158;Croissant 50g;VIEN;croissants;Les Classiques;CRU;50g;200;64;10.0;farine de BLÉ, eau, beurre fin (LAIT) 17%, sucre, levure, gluten de BLÉ, sel, émulsifiant (lécithine de colza), agents de traitement de la farine (acide ascorbique, alpha-amylases, hémicellulases).;gluten, lait;graines de sésame, soja, fruits à coque, œufs;"Végétarien; Beurre; Clean Label; Halal; Beurre Fin";9;n.d.;ACTIF;VIEN-CROI-50;https://www.bridor.com/fr-fr/catalogue-produit/viennoiseries/croissants/croissant-50g-30158;2026-09-10
Bridor;32882;Croissant 50g;VIEN;croissants;Les Savoureux;PAC;50g;120;64;6.0;farine de BLÉ, beurre fin (LAIT) 23%, eau, levure, sucre, ŒUFS, sel, gluten de BLÉ, agents de traitement de la farine (acide ascorbique, alpha-amylases, hémicellulases).ŒUFS issus de poules élevées au sol.;gluten, lait, œufs;graines de sésame, soja, fruits à coque;"Végétarien; Beurre; Oeufs Plein Air; Clean Label; Halal; Oeufs Ponte au Sol; Beurre Fin";12;n.d.;ACTIF;VIEN-CROI-50;https://www.bridor.com/fr-fr/catalogue-produit/viennoiseries/croissants/croissant-50g-32882;2026-09-10
Bridor;32717;Maxi Pain au Chocolat 150g;VIEN;pains-au-chocolat;Les Classiques;PAC;150g;36;64;5.4;farine de BLÉ, beurre fin (LAIT) 18%, eau, chocolat 9,2% (sucre, pâte de cacao, beurre de cacao, émulsifiant (lécithine de SOJA), arôme naturel de vanille), levure, sucre, ŒUFS, sel, gluten de BLÉ, agents de traitement de la farine (acide ascorbique, alpha-amylases, hémicellulases).ŒUFS issus de poules élevées au sol.;gluten, lait, soja, œufs;graines de sésame, fruits à coque;"Végétarien; Beurre; Oeufs Plein Air; Clean Label; Halal; Oeufs Ponte au Sol; Beurre Fin";12;n.d.;ACTIF;VIEN-PAIN-150;https://www.bridor.com/fr-fr/catalogue-produit/viennoiseries/pains-au-chocolat/maxi-pain-au-chocolat-150g-32717;2026-09-10
Bridor;32182;Mini Pain au Chocolat 25g;VIEN;pains-au-chocolat;Les Savoureux;PAC;25g;250;64;6.25;farine de BLÉ, beurre fin (LAIT) 20%, eau, chocolat 11,8% (sucre, pâte de cacao, beurre de cacao, émulsifiant (lécithine de SOJA), arôme naturel de vanille), levure, sucre, ŒUFS, sel, gluten de BLÉ, agents de traitement de la farine (acide ascorbique, alpha-amylases, hémicellulases).ŒUFS issus de poules élevées au sol.;gluten, lait, soja, œufs;graines de sésame, fruits à coque;"Végétarien; Beurre; Oeufs Plein Air; Clean Label; Halal; Oeufs Ponte au Sol; Beurre Fin";12;n.d.;ACTIF;VIEN-PAIN-25;https://www.bridor.com/fr-fr/catalogue-produit/viennoiseries/pains-au-chocolat/mini-pain-au-chocolat-25g-32182;2026-09-10
Bridor;34853;Mini Pain au Chocolat 25g;VIEN;pains-au-chocolat;Les Classiques;PAC;25g;250;64;6.25;farine de BLÉ, eau, beurre fin (LAIT) 16%, chocolat 11,8% (sucre, pâte de cacao, beurre de cacao, émulsifiant (lécithine de SOJA), arôme naturel de vanille), levure, sucre, ŒUFS, sel, gluten de BLÉ, agents de traitement de la farine (acide ascorbique, alpha-amylases, hémicellulases).ŒUFS issus de poules élevées au sol.;gluten, lait, soja, œufs;graines de sésame, fruits à coque;"Végétarien; Beurre; Oeufs Plein Air; Clean Label; Halal; Oeufs Ponte au Sol; Beurre Fin";12;n.d.;ACTIF;VIEN-PAIN-25;https://www.bridor.com/fr-fr/catalogue-produit/viennoiseries/pains-au-chocolat/mini-pain-au-chocolat-25g-34853;2026-09-10
Bridor;32922;Mini Pain au Chocolat 28g;VIEN;pains-au-chocolat;Les Savoureux;CRU;28g;200;96;5.6;farine de BLÉ, beurre fin (LAIT) 20%, eau, chocolat 14,2% (sucre, pâte de cacao, beurre de cacao, émulsifiant (lécithine de SOJA), arôme naturel de vanille), sucre, levure, sel, gluten de BLÉ, émulsifiant (lécithine de colza), agents de traitement de la farine (acide ascorbique, alpha-amylases, hémicellulases).;gluten, lait, soja;graines de sésame, fruits à coque, œufs;"Végétarien; Beurre; Clean Label; Halal; Beurre Fin";9;n.d.;ACTIF;VIEN-PAIN-28;https://www.bridor.com/fr-fr/catalogue-produit/viennoiseries/pains-au-chocolat/mini-pain-au-chocolat-28g-32922;2026-09-10
Bridor;32972;Mini Pain aux raisins 30g;VIEN;pains-aux-raisins;Bridor Une Recette Lenôtre Professionnels;PAC;30g;230;64;6.9;farine de BLÉ, eau, beurre fin (LAIT) 18%, raisins secs 13,2%, ŒUFS, sucre, amidon de maïs, levure, poudre de LAIT écrémé, sel, lactosérum en poudre (LAIT), poudre de LAIT entier, gluten de BLÉ, blanc d'ŒUF en poudre, épaississant (alginate de sodium), émulsifiant (lécithine de colza), extrait de curcuma, arôme naturel, agents de traitement de la farine (acide ascorbique, alpha-amylases, hémicellulases), correcteur d'acidité (acide citrique), extrait de carotte.ŒUFS issus de poules élevées au sol.;gluten, lait, œufs;graines de sésame, soja, fruits à coque;"Végétarien; Beurre; Oeufs Plein Air; Clean Label; Halal; Oeufs Ponte au Sol; Beurre Fin";12;n.d.;ACTIF;VIEN-PAIN-30;https://www.bridor.com/fr-fr/catalogue-produit/viennoiseries/pains-aux-raisins/mini-pain-aux-raisins-30g-32972;2026-09-10
Bridor;31290;Mini Pain aux raisins 30g;VIEN;pains-aux-raisins;Bridor Une Recette Lenôtre Professionnels;PAC;30g;230;64;6.9;farine de BLÉ, eau, beurre Charentes-Poitou AOP (LAIT) 18%, raisins secs 13%, ŒUFS, sucre, amidon de maïs, levure, poudre de LAIT écrémé, sel, lactosérum en poudre (LAIT), gluten de BLÉ, poudre de LAIT entier, blanc d'ŒUF en poudre, épaississant (alginate de sodium), émulsifiant (lécithine de colza), extrait de curcuma, arôme naturel, agents de traitement de la farine (acide ascorbique, alpha-amylases, hémicellulases), correcteur d'acidité (acide citrique), extrait de carotte.ŒUFS issus de poules élevées au sol.;gluten, lait, œufs;graines de sésame, soja, fruits à coque;"Végétarien; AOP Charentes Poitou; Oeufs Plein Air; Clean Label; Halal; Oeufs Ponte au Sol; Beurre Charentes-Poitou AOP";12;n.d.;ACTIF;VIEN-PAIN-30;https://www.bridor.com/fr-fr/catalogue-produit/viennoiseries/pains-aux-raisins/mini-pain-aux-raisins-30g-31290;2026-09-10
Bridor;32923;Mini Pain aux raisins 30g;VIEN;pains-aux-raisins;Les Savoureux;CRU;30g;200;96;6.0;eau, farine de BLÉ, beurre fin (LAIT) 14%, raisins secs 13,3%, sucre, levure, amidon modifié, gluten de BLÉ, sel, lactosérum en poudre (LAIT), stabilisants (acétate de calcium, diphosphate tétrasodique, phosphate disodique), poudre de LAIT écrémé, émulsifiant (lécithine de colza), extrait de carotte, extrait de curcuma, extrait de paprika, agents de traitement de la farine (acide ascorbique, alpha-amylases, hémicellulases), arôme naturel.;gluten, lait;graines de sésame, soja, fruits à coque, œufs;"Végétarien; Beurre; Halal; Beurre Fin";9;n.d.;ACTIF;VIEN-PAIN-30;https://www.bridor.com/fr-fr/catalogue-produit/viennoiseries/pains-aux-raisins/mini-pain-aux-raisins-30g-32923;2026-09-10
Bridor;32183;Mini Pain aux raisins 30g;VIEN;pains-aux-raisins;Les Savoureux;PAC;30g;260;64;7.8;farine de BLÉ, eau, beurre fin (LAIT) 14%, raisins secs 13,2%, sucre, ŒUFS, levure, amidon modifié, poudre de LAIT entier, sel, gluten de BLÉ, lactosérum en poudre (LAIT), stabilisants (acétate de calcium, diphosphate tétrasodique, phosphate disodique), poudre de LAIT écrémé, extrait de carotte, extrait de curcuma, extrait de paprika, agents de traitement de la farine (acide ascorbique, alpha-amylases, hémicellulases), arôme naturel.ŒUFS issus de poules élevées au sol.;gluten, lait, œufs;graines de sésame, soja, fruits à coque;"Végétarien; Beurre; Oeufs Plein Air; Halal; Oeufs Ponte au Sol; Beurre Fin";12;n.d.;ACTIF;VIEN-PAIN-30;https://www.bridor.com/fr-fr/catalogue-produit/viennoiseries/pains-aux-raisins/mini-pain-aux-raisins-30g-32183;2026-09-10
Bridor;40407;Croissant fourré Abricot 90g;VIEN;croissants-fourres;Les Maxi Gourmandes;PAC;90g;40;80;3.6;farine de BLÉ, beurre fin (LAIT) 19%, fourrage abricot 15,7% (sirop de glucose, purée d'abricot 5,8%, sucre, gélifiant (pectine), jus de citron concentré, arôme naturel), eau, levure, sucre, ŒUFS, sel, gluten de BLÉ, agents de traitement de la farine (acide ascorbique, alpha-amylases, hémicellulases).ŒUFS issus de poules élevées au sol.;gluten, lait, œufs;graines de sésame, soja, fruits à coque;"Végétarien; Beurre; Oeufs Plein Air; Clean Label; Halal; Oeufs Ponte au Sol; Cultures Boulangères; Beurre Fin";12;n.d.;ACTIF;VIEN-CROI-90;https://www.bridor.com/fr-fr/catalogue-produit/viennoiseries/croissants-fourres/croissant-fourre-abricot-90g-40407;2026-09-10
Bridor;42970;Croissant fourré abricot SelectBlend 90g;VIEN;croissants-fourres;Les Maxi Gourmandes;PAC;90g;40;80;3.6;farine de BLÉ, matière grasse composée 17,8% (graisse de palme, eau, graisse de coco, beurre concentré (LAIT), émulsifiant (mono- et diglycérides d'acides gras), arôme naturel, colorant (bêta-carotène d'origine naturelle), correcteur d'acidité (acide citrique)), fourrage abricot 15,1% (sucre, purée d'abricot 5,7%, sirop de glucose, gélifiant (pectine), acidifiant (acide citrique), jus de citron concentré, arôme naturel), eau, levure, sucre, finition (sucre, farine de riz, huile de colza hydrogénée, amidon de pomme de terre), ŒUFS, sel, gluten de BLÉ, agents de traitement de la farine (acide ascorbique, alpha-amylases, hémicellulases), épaississant (gomme guar).ŒUFS issus de poules élevées au sol.;gluten, lait, œufs;graines de sésame, soja, fruits à coque;"Végétarien; MGC; Oeufs Plein Air; Halal; Oeufs Ponte au Sol; Select Blend; Cultures Boulangères; Matière Grasse Composée";12;n.d.;ACTIF;VIEN-CROI-90;https://www.bridor.com/fr-fr/catalogue-produit/viennoiseries/croissants-fourres/croissant-fourre-abricot-selectblend-90g-42970;2026-09-10
Bridor;34421;Croissant fourré Amande 90g;VIEN;croissants-fourres;Les Maxi Gourmandes;PAC;90g;60;64;5.4;"farine de BLÉ, fourrage (sucre, beurre fin (LAIT) 4%, farine de BLÉ, eau, ŒUFS, farine de riz, amidon de BLÉ, amidon modifié, AMANDES en poudre 0,38%, poudre de LAIT entier, poudre de LAIT écrémé, poudre d'AMANDE amère 0,06%, stabilisants (lactate de calcium, diphosphate tétrasodique, phosphate disodique), huile végétale non hydrogénée (coco), arôme naturel, farine de BLÉ malté, agent de traitement de la farine (acide ascorbique), enzyme (gluten), gluten de BLÉ, sirop de glucose, extrait de curcuma, sel, émulsifiant (esters lactiques des mono- et diglycérides d'acides gras), arôme naturel (<b style=""text-...";gluten, lait, fruits à coque, œufs;autres fruits à coque, graines de sésame, soja;"Végétarien; Beurre; Oeufs Plein Air; Halal; Oeufs Ponte au Sol; Cultures Boulangères; Beurre Fin";12;n.d.;ACTIF;VIEN-CROI-90b;https://www.bridor.com/fr-fr/catalogue-produit/viennoiseries/croissants-fourres/croissant-fourre-amande-90g-34421;2026-09-10
Bridor;35716;Croissant fourré Amandes 95g;VIEN;croissants-fourres;Les Maxi Gourmandes;PAC;95g;60;64;5.7;farine de BLÉ, eau, beurre fin (LAIT) 15%, sucre, AMANDES en poudre 7%, levure, ŒUFS, blanc d'ŒUF, finition 2% (AMANDES effilées), sel, gluten de BLÉ, arôme naturel, agents de traitement de la farine (acide ascorbique, alpha-amylases, hémicellulases).ŒUFS issus de poules élevées au sol.;gluten, lait, fruits à coque, œufs;autres fruits à coque, graines de sésame, soja;"Végétarien; Beurre; Oeufs Plein Air; Clean Label; Halal; Oeufs Ponte au Sol; Cultures Boulangères; Beurre Fin";12;n.d.;ACTIF;VIEN-CROI-95;https://www.bridor.com/fr-fr/catalogue-produit/viennoiseries/croissants-fourres/croissant-fourre-amandes-95g-35716;2026-09-10
Bridor;38184;Breizh'n'Roll 85g;VIEN;autres-viennoiseries;Les Maxi Gourmandes;PAC;85g;60;96;5.1;farine de BLÉ, beurre fin (LAIT) 24%, eau, sucre, levure, sirop de glucose-fructose, sel, gluten de BLÉ, émulsifiants (mono- et diglycérides d'acides gras, lécithine de colza), levure désactivée, agents de traitement de la farine (acide ascorbique, alpha-amylases, hémicellulases).;gluten, lait;graines de sésame, soja, fruits à coque, œufs;"Végétarien; Beurre; Halal; Cultures Boulangères; Beurre Fin";12;n.d.;ACTIF;VIEN-AUTR-85;https://www.bridor.com/fr-fr/catalogue-produit/viennoiseries/autres-viennoiseries/breizh-n-roll-85g-38184;2026-09-10
Bridor;39849;Brioche feuilletée spirale 295g;VIEN;autres-viennoiseries;Les Maxi Gourmandes;CUIT;295g;4;96;1.18;farine de BLÉ, beurre fin (LAIT) 28%, ŒUFS, eau, sucre, levure, sel, gluten de BLÉ, émulsifiant (lécithine de colza), agent de traitement de la farine (acide ascorbique).ŒUFS issus de poules élevées au sol.;gluten, lait, œufs;graines de sésame, soja, fruits à coque;"Végétarien; Beurre; Oeufs Plein Air; Clean Label; Halal; Oeufs Ponte au Sol; Beurre Fin";6;n.d.;ACTIF;VIEN-AUTR-295;https://www.bridor.com/fr-fr/catalogue-produit/viennoiseries/autres-viennoiseries/brioche-feuilletee-spirale-295g-39849;2026-09-10
Bridor;30031;Briochette 60g;VIEN;autres-viennoiseries;Les Mini Gourmandes;CRU;60g;210;64;12.6;farine de BLÉ, ŒUF entier liquide, beurre (LAIT) 15%, eau, sucre, levure, gluten de BLÉ, agents de traitement de la farine (acide ascorbique, enzymes (amylase, xylanase)), sel, émulsifiant (mono- et diglycérides d'acides gras), colorant (caroténoïdes).;gluten, lait, œufs;soja, fruits à coque;"Végétarien; Beurre; Beurre Fin";6;n.d.;ACTIF;VIEN-AUTR-60;https://www.bridor.com/fr-fr/catalogue-produit/viennoiseries/autres-viennoiseries/briochette-60g-30031;2026-09-10
Bridor;40083;Chausson aux morceaux de pommes 105g;VIEN;autres-viennoiseries;Les Savoureux;PAC;105g;50;96;5.25;fourrage pomme 38% (pommes 26%, purée de pommes 6%, sucre, eau, amidon de maïs, jus concentré de citron, antioxydant (acide ascorbique)), farine de BLÉ, beurre fin (LAIT) 16%, eau, ŒUFS, sel, gluten de BLÉ.ŒUFS issus de poules élevées au sol.;gluten, lait, œufs;graines de sésame, soja, fruits à coque;"Végétarien; Beurre; Oeufs Plein Air; Clean Label; Halal; Oeufs Ponte au Sol; Beurre Fin";12;n.d.;ACTIF;VIEN-AUTR-105;https://www.bridor.com/fr-fr/catalogue-produit/viennoiseries/autres-viennoiseries/chausson-aux-morceaux-de-pommes-105g-40083;2026-09-10
Bridor;32672;Baguette 1778 280g;PAIN;baguettes;Les Gourmets;PRECUIT;280g;25;32;7.0;farine de BLÉ, eau, levain 4% (farine de BLÉ, eau, gluten de BLÉ, farine de BLÉ malté), levure, sel, gluten de BLÉ, flocons de germe de BLÉ, levain de BLÉ dévitalisé déshydraté, farine de BLÉ malté.;gluten;lait, graines de sésame, fruits à coque, œufs;"Source de proteines; Vegan; Végétarien; Clean Label; Halal; Avec Levain";15;n.d.;ACTIF;PAIN-BAGU-280;https://www.bridor.com/fr-fr/catalogue-produit/pains/baguettes/baguette-1778-280g-32672;2026-09-10
Bridor;37449;Baguette BIO 280g;PAIN;baguettes;BIO;PRECUIT;280g;22;32;6.16;farine de BLÉ*, eau, levain (farine de BLÉ*, eau), levure, sel de Guérande, farine d'ORGE* maltée torréfiée.;gluten;lait, graines de sésame, fruits à coque, œufs;"Source de proteines; Vegan; Végétarien; Clean Label; Bio; Halal; Avec Levain";15;n.d.;ACTIF;PAIN-BAGU-280a;https://www.bridor.com/fr-fr/catalogue-produit/pains/baguettes/baguette-bio-280g-37449;2026-09-10
Bridor;36831;Baguette Caractère 280g;PAIN;baguettes;Les Gourmets;PRECUIT;280g;22;36;6.16;farine de BLÉ « Label Rouge » 52,9% (farine de BLÉ, gluten de BLÉ, farine de BLÉ malté, agent de traitement de la farine (acide ascorbique)), eau, levain (farine de BLÉ « Label Rouge » 6,9%, eau, gluten de BLÉ, farine de BLÉ malté, agent de traitement de la farine (acide ascorbique)), farine de maïs torréfié, sel, levure.;gluten;lait, graines de sésame, fruits à coque, œufs;"Source de proteines; Vegan; Végétarien; Clean Label; Halal; Farine CRC; Avec Levain";15;n.d.;ACTIF;PAIN-BAGU-280b;https://www.bridor.com/fr-fr/catalogue-produit/pains/baguettes/baguette-caractere-280g-36831;2026-09-10
Bridor;34792;Baguette de Campagne 280g;PAIN;baguettes;Les Essentiels;PRECUIT;280g;25;32;7.0;farine de BLÉ « Label Rouge » 44,8% (farine de BLÉ, gluten de BLÉ, farine de BLÉ malté, agent de traitement de la farine (acide ascorbique)), eau, levain (farine de BLÉ « Label Rouge » 9,8% (farine de BLÉ, gluten de BLÉ, farine de BLÉ malté, agent de traitement de la farine (acide ascorbique)), eau), farine de SEIGLE, sel, levure, gluten de BLÉ, farine d'ORGE maltée.;gluten;lait, graines de sésame, fruits à coque, œufs;"Source de proteines; Source de fibre; Vegan; Végétarien; Clean Label; Halal; Farine CRC; Avec Levain";15;n.d.;ACTIF;PAIN-BAGU-280c;https://www.bridor.com/fr-fr/catalogue-produit/pains/baguettes/baguette-de-campagne-280g-34792;2026-09-10
Bridor;37022;Baguettine Bleu Blanc Cœur 140g;PAIN;pains-sandwich;Mieux-être;PRECUIT;140g;50;28;7.0;farine de BLÉ, eau, farine de lin jaune 1,1%, levure, sel, gluten de BLÉ, farine de BLÉ malté, agent de traitement de la farine (acide ascorbique).;gluten;lait, graines de sésame, fruits à coque, œufs;"Source de proteines; Vegan; Végétarien; Clean Label; Farine CRC";15;n.d.;ACTIF;PAIN-PAIN-140;https://www.bridor.com/fr-fr/catalogue-produit/pains/pains-sandwich/baguettine-bleu-blanc-caeur-140g-37022;2026-09-10
Bridor;42619;Baguettine Caractère 140g;PAIN;pains-sandwich;Les Gourmets;PRECUIT;140g;50;32;7.0;farine de BLÉ, eau, levain (farine de BLÉ meule, eau), farine de maïs torréfié, sel, levure, gluten de BLÉ, farine de BLÉ malté.;gluten;lait, graines de sésame, soja, fruits à coque, œufs;"Source de proteines; Vegan; Végétarien; Clean Label; Halal; Farine CRC; Avec Levain";15;n.d.;ACTIF;PAIN-PAIN-140a;https://www.bridor.com/fr-fr/catalogue-produit/pains/pains-sandwich/baguettine-caractere-140g-42619;2026-09-10
Bridor;42884;Baguettine Gourmet aux Graines 140g;PAIN;pains-sandwich;Les Gourmets;PRECUIT;140g;50;32;7.0;farine de BLÉ, eau, finition 2,6% (graines de chia 0,66%, graines de lin brun 0,66%, graines de lin jaune 0,66%, graines de quinoa blanc 0,66%), levure, graines de quinoa rouge 1%, sel, farine de maïs torréfié, levain de BLÉ dévitalisé déshydraté, graines d'amarante 0,85%, graines de millet 0,85%, graines de tournesol 0,83%, graines de chia 0,5%, graines de quinoa blanc 0,5%, gluten de BLÉ, flocons de BLÉ d'ÉPEAUTRE, graines de lin brun 0,35%, graines de sarrasin 0,35%, farine d'ORGE maltée, agent de traitement de la farine (acide ascorbique), farine de BLÉ malté.;gluten;lait, graines de sésame, fruits à coque, œufs;"Source de proteines; Source de fibre; Vegan; Végétarien; Clean Label; Halal; Farine CRC; Avec Levain";15;n.d.;ACTIF;PAIN-PAIN-140b;https://www.bridor.com/fr-fr/catalogue-produit/pains/pains-sandwich/baguettine-gourmet-aux-graines-140g-42884;2026-09-10
Bridor;31611;Baguettine Graines et Céréales 140g;PAIN;pains-sandwich;Les Gourmets;PRECUIT;140g;28;64;3.92;farine de BLÉ, eau, levain (farine de BLÉ meule, eau), graines de SÉSAME 2,6%, flocons de BLÉ malté 1,9%, graines de lin brun 1,9%, sel, levure, flocons de germe de BLÉ 0,5%, gluten de BLÉ, levure désactivée, farine de BLÉ malté.;gluten, graines de sésame;lait, fruits à coque, œufs;"Source de proteines; Source de fibre; Vegan; Végétarien; Clean Label; Halal; Farine CRC; Avec Levain";15;n.d.;ACTIF;PAIN-PAIN-140c;https://www.bridor.com/fr-fr/catalogue-produit/pains/pains-sandwich/baguettine-graines-et-cereales-140g-31611;2026-09-10
Bridor;37393;B'Break 2 olives et Romarin 70g;PAIN;petits-pains;Les Gourmands;CUIT;70g;40;96;2.8;farine de BLÉ, eau, olives noires 15,1%, olives vertes 14,6%, huile d'olive, sel, levure, gluten de BLÉ, romarin 0,2%, correcteur d'acidité (acide citrique), farine de BLÉ malté.;gluten;lait, graines de sésame, fruits à coque, œufs;"Vegan; Végétarien; Clean Label; Halal";15;n.d.;ACTIF;PAIN-PETI-70;https://www.bridor.com/fr-fr/catalogue-produit/pains/petits-pains/b-break-2-olives-et-romarin-70g-37393;2026-09-10
Bridor;37394;B'Break Chorizo 70g;PAIN;petits-pains;Les Gourmands;CUIT;70g;40;96;2.8;farine de BLÉ, eau, chorizo fumé 16,9% (viande de porc 16,4% [Union européenne], sirop de glucose, épices et aromates, sel, antioxydant (ascorbate de sodium), conservateur (nitrite de sodium)), huile d'olive, paprika, sel, levure, gluten de BLÉ, farine de BLÉ malté.;gluten;lait, graines de sésame, fruits à coque, œufs;Source de proteines;15;n.d.;ACTIF;PAIN-PETI-70a;https://www.bridor.com/fr-fr/catalogue-produit/pains/petits-pains/b-break-chorizo-70g-37394;2026-09-10
Bridor;42665;Boule Chocolat 60g;PAIN;petits-pains;Les Gourmands;PRECUIT;60g;60;64;3.6;farine de BLÉ, eau, chocolat noir 15,8% (sucre, pâte de cacao, beurre de cacao, cacao maigre en poudre, arôme naturel de vanille, émulsifiant (lécithine de SOJA)), sucre, poudre de cacao, sel, levure, gluten de BLÉ, correcteur d'acidité (carbonate de potassium), farine de BLÉ malté.;gluten, soja;lait, graines de sésame, fruits à coque, œufs;"Vegan; Végétarien; Clean Label; Halal";15;n.d.;ACTIF;PAIN-PETI-60;https://www.bridor.com/fr-fr/catalogue-produit/pains/petits-pains/boule-chocolat-60g-42665;2026-09-10
Bridor;35130;Boule Rustique 55g;PAIN;petits-pains;Les Gourmets;PRECUIT;55g;70;64;3.85;farine de BLÉ, eau, farine de BLÉ meule, gluten de BLÉ, sel, levure, levure désactivée, farine de BLÉ malté.;gluten;lait, graines de sésame, fruits à coque, œufs;"Source de proteines; Vegan; Végétarien; Clean Label; Halal; Farine CRC";15;n.d.;ACTIF;PAIN-PETI-55;https://www.bridor.com/fr-fr/catalogue-produit/pains/petits-pains/boule-rustique-55g-35130;2026-09-10
Bridor;33363;Le Bâtard 330g;PAIN;pains-a-partager;Bridor Signé Frédéric Lalos;PRECUIT;330g;20;32;6.6;farine de BLÉ, eau, levain 10,5% (farine de BLÉ, eau, gluten de BLÉ, farine de BLÉ malté), sel, levain de BLÉ dévitalisé déshydraté, levure, gluten de BLÉ, farine de BLÉ malté.;gluten;lait, graines de sésame, fruits à coque, œufs;"Source de proteines; Vegan; Végétarien; Clean Label; Halal; Avec Levain";15;n.d.;ACTIF;PAIN-PAIN-330;https://www.bridor.com/fr-fr/catalogue-produit/pains/pains-a-partager/le-batard-330g-33363;2026-09-10
Bridor;33365;Le Bâtard 540g;PAIN;pains-a-partager;Bridor Signé Frédéric Lalos;PRECUIT;540g;14;24;7.56;farine de BLÉ, eau, levain (farine de BLÉ, eau, gluten de BLÉ, farine de BLÉ malté), sel, levain de BLÉ dévitalisé déshydraté, levure, gluten de BLÉ, farine de BLÉ malté.;gluten;lait, graines de sésame, fruits à coque, œufs;"Source de proteines; Vegan; Végétarien; Clean Label; Halal; Avec Levain";15;n.d.;ACTIF;PAIN-PAIN-540;https://www.bridor.com/fr-fr/catalogue-produit/pains/pains-a-partager/le-batard-540g-33365;2026-09-10
Bridor;34233;Le Complet 330g;PAIN;pains-a-partager;Bridor Signé Frédéric Lalos;PRECUIT;330g;26;32;8.58;farine de BLÉ, eau, levain 5% (farine de BLÉ, eau), gluten de BLÉ, levain de BLÉ dévitalisé déshydraté, sel, levure, farine de BLÉ malté.;gluten;lait, graines de sésame, fruits à coque, œufs;"Source de proteines; Source de fibre; Riche en Fibres; Vegan; Végétarien; Clean Label; Halal; Avec Levain";15;n.d.;ACTIF;PAIN-PAIN-330a;https://www.bridor.com/fr-fr/catalogue-produit/pains/pains-a-partager/le-complet-330g-34233;2026-09-10
Bridor;38148;Le Céréalier 280g;PAIN;pains-a-partager;Bridor Signé Frédéric Lalos;PRECUIT;280g;28;32;7.84;farine de BLÉ, eau, levain (farine de BLÉ meule, eau), graines de SÉSAME 2%, flocons de BLÉ malté 1,4%, graines de lin brun 1,4%, graines de lin jaune 1,4%, sel, graines de tournesol 0,7%, levure, gluten de BLÉ, farine de BLÉ malté.;gluten, graines de sésame;lait, fruits à coque, œufs;"Source de proteines; Source de fibre; Vegan; Végétarien; Clean Label; Halal; Farine CRC; Avec Levain";15;n.d.;ACTIF;PAIN-PAIN-280;https://www.bridor.com/fr-fr/catalogue-produit/pains/pains-a-partager/le-cerealier-280g-38148;2026-09-10
Bridor;40517;Focaccia Cinquanta Nature 450g;PAIN;autres-pains;Les Evasions;PRECUIT;450g;12;48;5.4;farine de BLÉ, eau, semoule de BLÉ moulue, huile de tournesol, huile d'olive vierge extra, sel, levure, farine de BLÉ malté.;gluten;lait, moutarde, soja;"Source de proteines; Clean Label; Cultures Boulangères";12;n.d.;ACTIF;PAIN-AUTR-450;https://www.bridor.com/fr-fr/catalogue-produit/pains/autres-pains/focaccia-cinquanta-nature-450g-40517;2026-09-10
Bridor;41595;Mini Pain Céréales et Graines 33g;PAIN;autres-pains;Panidor;PRECUIT;33g;250;32;8.25;farine de BLÉ, eau, farine de SEIGLE 3,5%, graines de lin 3,2%, flocons d'AVOINE 1,4%, graines de SÉSAME 1,4%, flocons de SEIGLE 1,1%, sel, SÉSAME décortiqué 1%, graines de tournesol 1%, farine de maïs 0,7%, son de BLÉ, farine de BLÉ malté, dextrose, farine de BLÉ malté grillée, farine de BLÉ prégélatinisée, levure, BLÉ moulus, ferments, correcteurs d'acidité (carbonate de calcium, phosphate monocalcique), farine de SOJA, émulsifiant (esters monoacétyltartriques et diacétyltartriques des mono- et diglycérides d'acides gras), agent de traitement de la farine (acide ascorbique).;gluten, graines de sésame, soja;lait, moutarde, fruits à coque, œufs;"Source de proteines; Source de fibre; Vegan; Végétarien; Clean Label; Halal; Cultures Boulangères";14;n.d.;ACTIF;PAIN-AUTR-33;https://www.bridor.com/fr-fr/catalogue-produit/pains/petits-pains/mini-pain-cereales-et-graines-33g-41595;2026-09-10
Bridor;41584;Mini pain Rustique 33g;PAIN;autres-pains;Panidor;PRECUIT;33g;200;32;6.6;farine de BLÉ, eau, farine de SEIGLE, sel, levure, agent de traitement de la farine (acide ascorbique).;gluten;lupin, lait, graines de sésame, moutarde, soja, fruits à coque, œufs;"Vegan; Végétarien; Clean Label; Halal; Cultures Boulangères";14;n.d.;ACTIF;PAIN-AUTR-33a;https://www.bridor.com/fr-fr/catalogue-produit/pains/petits-pains/mini-pain-rustique-33g-41584;2026-09-10
Bridor;33074;Mix Losanges 55g;PAIN;autres-pains;Les Essentiels;NON RENSEIGNE;55g;100;36;5.5;Losange Céréales : farine de BLÉ, eau, levain (farine de BLÉ meule, eau), graines de SÉSAME 2,6%, graines de lin brun 2,5%, flocons de BLÉ malté 1,9%, sel, levure, gluten de BLÉ, flocons de germe de BLÉ 0,24%, farine de BLÉ malté. Losange Nature : farine de BLÉ, eau, levure, sel, gluten de BLÉ, levain de BLÉ dévitalisé déshydraté, flocons de germe de BLÉ 0,3%, farine de BLÉ malté. Losange Pavot : farine de BLÉ, eau, graines de pavot 2,6%, sel, levure, gluten de BLÉ, flocons de germe de BLÉ 0,29%, farine de BLÉ malté. Losange Sésame : farine de BLÉ, eau, graines de SÉSAME 1,6%, sel, finition 1% (graines de SÉSAME), levure, gluten de BLÉ, flocons de germe de BLÉ 0,29%, farine de BLÉ malté.;gluten, graines de sésame;lait, fruits à coque, œufs;"Clean Label; Avec Levain";15;n.d.;ACTIF;PAIN-AUTR-55;https://www.bridor.com/fr-fr/catalogue-produit/pains/autres-pains/mix-losanges-55g-33074;2026-09-10
Bridor;38366;Bun'n'Roll 85g;SNAC;toutes;Les Snacks Salés;PAC;85g;20;132;1.7;farine de BLÉ, eau, beurre fin (LAIT) 20%, sucre, levure, sel, émulsifiants (mono- et diglycérides d'acides gras, lécithine de colza), gluten de BLÉ, levure désactivée, agents de traitement de la farine (acide ascorbique), enzymes (hémicellulases, alpha-amylases), ŒUFS.ŒUFS issus de poules élevées au sol.;gluten, lait, œufs;graines de sésame, soja, fruits à coque;"Végétarien; Beurre; Oeufs Plein Air; Clean Label; Halal; Oeufs Ponte au Sol; Beurre Fin";12;n.d.;ACTIF;SNAC-TOUT-85;https://www.bridor.com/fr-fr/catalogue-produit/snacking/bun-n-roll-85g-38366;2026-09-10
Bridor;36967;Bun'n'roll 85g avec moules;SNAC;toutes;Les Snacks Salés;PAC;85g;50;80;4.25;farine de BLÉ, eau, beurre fin (LAIT) 20%, sucre, levure, sel, ŒUFS, gluten de BLÉ, émulsifiants (mono- et diglycérides d'acides gras, lécithine de colza), levure désactivée, agents de traitement de la farine (acide ascorbique, alpha-amylases, hémicellulases).ŒUFS issus de poules élevées au sol.;gluten, lait, œufs;graines de sésame, soja, fruits à coque;"Végétarien; Beurre; Oeufs Plein Air; Clean Label; Halal; Oeufs Ponte au Sol; Beurre Fin";12;n.d.;ACTIF;SNAC-TOUT-85;https://www.bridor.com/fr-fr/catalogue-produit/snacking/bun-n-roll-85g-avec-moules-36967;2026-09-10
Bridor;37455;Croissant fourré Fromage 90g;SNAC;toutes;Les Snacks Salés;PAC;90g;60;64;5.4;farine de BLÉ, fourrage 21% (emmental (LAIT) 8% (LAIT, sel, ferments lactiques (LAIT), présure), eau, fromages à pâte pressée non cuite 1,8% (LAIT, sel, ferments lactiques (LAIT), présure), ŒUFS, beurre fin (LAIT) 1%, amidon modifié, poudre de LAIT écrémé, protéines de LAIT, sels de fonte (citrate trisodique, diphosphate tétrasodique, phosphate trisodique, polyphosphate sodique), sel), eau, beurre fin (LAIT) 14%, levure, sucre, ŒUFS, emmental (LAIT) 3,1% (LAIT, sel, ferments lactiques (LAIT)), sel, gluten de BLÉ, agents de traitement de la farine (acide ascorbique, alpha-amylases, hémicellulases).ŒUFS issus de poules élevées au sol.;gluten, lait, œufs;graines de sésame, soja, fruits à coque;"Source de proteines; Végétarien; Beurre; Oeufs Plein Air; Clean Label; Halal; Oeufs Ponte au Sol; Beurre Fin";12;n.d.;ACTIF;SNAC-TOUT-90;https://www.bridor.com/fr-fr/catalogue-produit/snacking/croissant-fourre-fromage-90g-37455;2026-09-10
Bridor;42974;Croissant fourré fromage SelectBlend 95g;SNAC;toutes;Les Snacks Salés;PAC;95g;60;64;5.7;farine de BLÉ, fourrage 20% (eau, emmental râpé (LAIT), fromages 4% (emmental (LAIT) (LAIT, sel, ferments lactiques, présure), fromages à pâte pressée non cuite (LAIT, sel, ferments lactiques, présure)), ŒUFS, beurre (LAIT), amidon modifié, poudre de LAIT écrémé, protéines de LAIT, sels de fonte (citrate trisodique, diphosphate tétrasodique, phosphate trisodique, polyphosphate sodique), sel), matière grasse composée 16% (graisse de palme, eau, graisse de coco, beurre concentré (LAIT), émulsifiant (mono- et diglycérides d'acides gras), arôme naturel, colorant (bêta-carotène d'origine naturelle), correcteur d'acidité (acide citrique)), eau, levure, sucre, <...;gluten, lait, œufs;graines de sésame, soja, fruits à coque;"Végétarien; MGC; Oeufs Plein Air; Clean Label; Halal; Oeufs Ponte au Sol; Select Blend; Matière Grasse Composée";12;n.d.;ACTIF;SNAC-TOUT-95;https://www.bridor.com/fr-fr/catalogue-produit/snacking/croissant-fourre-fromage-selectblend-95g-42974;2026-09-10
Bridor;38200;Blister de macarons Saveurs Classiques (8 x 12 g);PATI;macarons;Les Délices;NON RENSEIGNE;12g;144;88;1.73;sucre glace (sucre, fécule de pomme de terre), crème (crème (LAIT)), AMANDES en poudre, blanc d'ŒUF, chocolat blanc (sucre, beurre de cacao, poudre de LAIT entier, poudre de LAIT écrémé, émulsifiant (lécithine de SOJA)), sucre, chocolat noir 2,3% (sucre, pâte de cacao, beurre de cacao, cacao maigre en poudre, arôme naturel de vanille, émulsifiant (lécithine de SOJA)), purée de framboise 2,2% (purée de framboise 1,9%, sucre), préparation aromatisée à la PISTACHE 0,7% (sucre, huile de tournesol, pâte pure d'AMANDE, pâte de PISTACHE 0,07%, arôme naturel (NOIX)), extrait de vanille 0,6% (sucre inverti, sirop de glucose, eau, préparations aromatisantes (extrait de vanille tahitensis) 0,03%, graines de vanille 0,006%, épaississant (gomme xanthane)), fécule de pomme de terre, colorants (caramel ordinaire, lutéine, complexes cuivriques de chlorophyllines, carmins, curcumine), cacao maigre en poudre, jus concentré de betterave, arôme naturel de framboise avec autres arômes naturels, jus concentré d'acérola, jus de citron, sous-produit de vanille;lait, soja, fruits à coque, œufs;autres fruits à coque;;12;n.d.;ACTIF;PATI-MACA-12;https://www.bridor.com/fr-fr/catalogue-produit/patisserie/macarons/blister-de-macarons-saveurs-classiques-8-x-12-g-38200;2026-09-10
Bridor;33440;Plateau de macarons Assortiment n°1 (48 x 12 g);PATI;macarons;Bridor Une Recette Lenôtre Professionnels;NON RENSEIGNE;12g;96;132;1.15;Macarons Caramel au Beurre salé : garniture caramel salé 32,8% (sucre, crème liquide ( LAIT), beurre de cacao, beurre (LAIT) 2%, caramel 2% (sucre, eau), jus de citron, sel 0,09%), sucre glace (sucre, fécule de pomme de terre), AMANDES en poudre 16%, blanc d'ŒUF, sucre, colorant (caramel ordinaire), jus concentré de betterave, jus concentré d'acérola, jus de citron. Macarons Chocolat : sucre glace (sucre, fécule de pomme de terre), chocolat noir 16% (pâte de cacao, sucre, beurre de cacao, émulsifiant (lécithine de SOJA), arôme naturel de vanille), AMANDES en poudre 14%, blanc d'ŒUF, LAIT demi-écrémé, beurre Charentes-Poitou AOP (LAIT), sucre, cacao maigre en poudre, colorant (caramel ordinaire), jus concentré de betterave, jus concentré d'acérola, jus de citron. Macarons Citron : sucre glace (sucre, fécule de pomme de terre), blanc d'ŒUF, AMANDES en poudre 16%, beurre Charentes-Poitou AOP (LAIT), crème anglaise (LAIT entier, sucre, jaune d'ŒUF, amidon, protéines de lactosérum (LAIT), arôme naturel de vanille, colorant (bêta-carotène d'origine naturelle), graines de vanille épuisées), sucre, garniture citron 5% (pulpe de citron 2%, sucre, jus de citron, épaississant (pectine), huile essentielle de citron 0,005%), colorant (lutéine). Macarons Framboise : fourrage framboise 33% (framboises 19%, sucre, jus de citron, gélifiant (pectine)), sucre glace (sucre, fécule de pomme de terre), AMANDES en poudre 16%, blanc d'ŒUF, sucre, colorant (carmins). Macarons Pistache : sucre glace (sucre, fécule de pomme de terre), blanc d'ŒUF, AMANDES en poudre 16%, beurre Charentes-Poitou AOP (LAIT), préparation à base de PISTACHE 8% (PISTACHES 4%, sucre liquide, eau, arôme), sucre, crème anglaise (LAIT entier, sucre, jaune d'ŒUF, amidon, protéines de lactosérum (LAIT), arôme naturel de vanille, colorant (bêta-carotène d'origine naturelle), graines de vanille épuisées), colorants (lutéine, complexes cuivriques de chlorophyllines, curcumine). Macarons Vanille : sucre glace (sucre, fécule de pomme de terre), beurre Charentes-Poitou AOP (LAIT), blanc d'ŒUF, AMANDES en poudre 16%, crème anglaise (LAIT entier, sucre, jaune d'ŒUF, amidon, protéines de lactosérum (LAIT), arôme naturel de vanille, colorant (bêta-carotène d'origine naturelle), graines de vanille épuisées), sucre, extrait de vanille 0,7% (sucre inverti, sirop de glucose, eau, préparations aromatisantes (extrait de vanille tahitensis) 0,04%, graines de vanille 0,007%, épaississant (gomme xanthane)), sous-produit de vanille. ŒUFS issus de poules élevées au sol.;lait, soja, fruits à coque, œufs;autres fruits à coque;"Oeufs Plein Air; Oeufs Ponte au Sol";12;n.d.;ACTIF;PATI-MACA-12;https://www.bridor.com/fr-fr/catalogue-produit/patisserie/macarons/plateau-de-macarons-assortiment-n-1-48-x-12-g-33440;2026-09-10
Bridor;34111;Plateau de macarons Assortiment n°2 (48 x 12 g);PATI;macarons;Bridor Une Recette Lenôtre Professionnels;NON RENSEIGNE;12g;96;132;1.15;sucre glace (sucre, fécule de pomme de terre), AMANDES en poudre 15%, blanc d'ŒUF, beurre Charentes-Poitou AOP (LAIT), fourrage framboise 6% (framboises 3,7%, sucre, jus de citron, gélifiant (pectine)), garniture caramel salé 6% (sucre, crème liquide ( LAIT), beurre de cacao, beurre (LAIT), caramel (sucre, eau), jus de citron, sel 0,01%), sucre, chocolat noir 3% (pâte de cacao, sucre, beurre de cacao, émulsifiant (lécithine de SOJA), arôme naturel de vanille), crème anglaise (LAIT entier, sucre, jaune d'ŒUF, amidon, protéines de lactosérum (LAIT), arôme naturel de vanille, colorant (bêta-carotène d'origine naturelle), graines de vanille épuisées), LAIT demi-écrémé, garniture citron 1% (pulpe de citron, sucre, jus de citron, épaississant (pectine), huile essentielle de citron 0,001%), colorants (caramel ordinaire, lutéine, carmins), cacao maigre en poudre, extrait de vanille 0,1% (sucre inverti, sirop de glucose, eau, préparations aromatisantes (extrait de vanille tahitensis) 0,009%, graines de vanille 0,001%, épaississant (gomme xanthane)), jus concentré de betterave, eau, café 0,01%, café soluble 0,01%, extrait de café 0,009% (eau, café 0,003%, sucre), sous-produit de vanille, jus concentré d'acérola, jus de citron ŒUFS issus de poules élevées au sol.;lait, soja, fruits à coque, œufs;autres fruits à coque;"Oeufs Plein Air; Oeufs Ponte au Sol";12;n.d.;ACTIF;PATI-MACA-12;https://www.bridor.com/fr-fr/catalogue-produit/patisserie/macarons/plateau-de-macarons-assortiment-n-2-48-x-12-g-34111;2026-09-10
Bridor;35726;Plateau de macarons Café (48 x 12 g);PATI;macarons;Bridor Une Recette Lenôtre Professionnels;PRÊT-A-SERVIR;12g;96;132;1.15;Macaron au café (sucre glace (sucre, fécule de pomme de terre), beurre Charentes-Poitou AOP (LAIT), blanc d'ŒUF, AMANDES en poudre, crème anglaise (LAIT entier, sucre, jaune d'ŒUF, amidon, protéines de lactosérum (LAIT), arôme naturel de vanille, colorant (bêta-carotène d'origine naturelle), graines de vanille épuisées), sucre, eau, café 0,79%, café soluble 0,71%, extrait de café 0,4% (eau, café 0,12%, sucre)).ŒUFS issus de poules élevées au sol.;lait, fruits à coque, œufs;autres fruits à coque, soja;"Végétarien; Oeufs Plein Air; Clean Label; Oeufs Ponte au Sol";12;n.d.;ACTIF;PATI-MACA-12;https://www.bridor.com/fr-fr/catalogue-produit/patisserie/macarons/plateau-de-macarons-cafe-48-x-12-g-35726;2026-09-10
Bridor;41587;Mini Pastel de Nata 35g;PATI;pastel-de-nata;Panidor;PRÊT-A-SERVIR;35g;120;110;4.2;eau, farine de BLÉ, sucre, jaune d'ŒUF pasteurisé, poudre de LAIT écrémé, sirop de glucose-fructose, graisse végétale raffinée non hydrogénée (palme), huile végétale raffinée (colza, palme), ŒUF pasteurisé, amidon de maïs, sel, émulsifiants (esters polyglycériques d’acides gras, mono- et diglycérides d'acides gras), infusion de citron, acidifiant (acide citrique), arôme, colorant (caroténoïdes), conservateur (acide sorbique), cannelle infusée.;gluten, lait, œufs;graines de sésame, moutarde, soja, poisson, fruits à coque;"Végétarien; MGC; Halal; Cultures Boulangères; Matière Grasse Composée";18;n.d.;ACTIF;PATI-PAST-35;https://www.bridor.com/fr-fr/catalogue-produit/patisserie/pastel-de-nata/mini-pastel-de-nata-35g-41587;2026-09-10
Bridor;42452;Pastel de Nata 50g;PATI;pastel-de-nata;Panidor;PRECUIT;50g;60;110;3.0;eau, farine de BLÉ, sucre, beurre fin (LAIT), jaune d'ŒUF pasteurisé 5%, poudre de LAIT écrémé, sirop de glucose-fructose, ŒUF pasteurisé 1,7%, amidon de maïs, sel, infusion de citron, cannelle infusée.;gluten, lait, œufs;graines de sésame, moutarde, soja, fruits à coque;"Végétarien; Beurre; Halal; Cultures Boulangères; Beurre Fin";15;n.d.;ACTIF;PATI-PAST-50;https://www.bridor.com/fr-fr/catalogue-produit/patisserie/pastel-de-nata/pastel-de-nata-50g-42452;2026-09-10
Bridor;42655;Pastel de Nata 60g;PATI;pastel-de-nata;Panidor;PAC;60g;60;110;3.6;eau, farine de BLÉ, sucre, beurre fin (LAIT) 8%, jaune d'ŒUF pasteurisé 5%, poudre de LAIT écrémé, sirop de glucose-fructose, ŒUF pasteurisé 1,7%, amidon de maïs, sel, infusion de citron, cannelle infusée.;gluten, lait, œufs;graines de sésame, moutarde, soja, fruits à coque;"Végétarien; Beurre; Cultures Boulangères; Beurre Fin";18;n.d.;ACTIF;PATI-PAST-60;https://www.bridor.com/fr-fr/catalogue-produit/patisserie/pastel-de-nata/pastel-de-nata-60g-42655;2026-09-10
Bridor;42450;Pastel de Nata 60g;PATI;pastel-de-nata;Panidor;PRECUIT;60g;60;64;3.6;eau, farine de BLÉ, sucre, margarine 11,4% (graisse végétale raffinée non hydrogénée (palme), eau, huile végétale non hydrogénée (palme, colza), sel, émulsifiants (mono- et diglycérides d'acides gras, esters polyglycériques d’acides gras), acidifiant (acide citrique), conservateur (acide sorbique), arômes, colorant (caroténoïdes)), jaune d'ŒUF pasteurisé 5%, poudre de LAIT écrémé, sirop de glucose-fructose, ŒUF pasteurisé 1,7%, amidon de maïs, sel, infusion de citron, cannelle infusée.;gluten, lait, œufs;graines de sésame, moutarde, soja, fruits à coque;"Végétarien; Margarine; Cultures Boulangères; Matière Grasse Végétale";15;n.d.;ACTIF;PATI-PAST-60;https://www.bridor.com/fr-fr/catalogue-produit/patisserie/pastel-de-nata/pastel-de-nata-60g-42450;2026-09-10
Bridor;30081;plaque de pâte feuilletée 2kg;PATI;pates-feuilletees;Les Créatives;PAC;2000g;6;48;12.0;farine de BLÉ, beurre Charentes-Poitou AOP (LAIT) 35%, eau, sel, gluten de BLÉ.;gluten, lait;graines de sésame, soja, fruits à coque, œufs;"Végétarien; AOP Charentes Poitou; Clean Label; Halal; Beurre Charentes-Poitou AOP";12;n.d.;ACTIF;PATI-PATE-2000;https://www.bridor.com/fr-fr/catalogue-produit/patisserie/pates-feuilletees/plaque-de-pate-feuilletee-2kg-30081;2026-09-10
Bridor;34171;plaque de pâte feuilletée 300g;PATI;pates-feuilletees;Les Créatives;PAC;300g;36;70;10.8;farine de BLÉ, beurre fin (LAIT) 25%, eau, sel, gluten de BLÉ.;gluten, lait;graines de sésame, soja, fruits à coque, œufs;"Végétarien; Beurre; Clean Label; Halal; Beurre Fin";12;n.d.;ACTIF;PATI-PATE-300;https://www.bridor.com/fr-fr/catalogue-produit/patisserie/pates-feuilletees/plaque-de-pate-feuilletee-300g-34171;2026-09-10
Bridor;34813;plaque de pâte levée feuilletée 500g;PATI;pates-feuilletees;Les Créatives;CRU;500g;25;64;12.5;farine de BLÉ, beurre fin (LAIT) 23%, eau, sucre, levure, poudre de LAIT entier, gluten de BLÉ, sel, émulsifiant (lécithine de colza), agents de traitement de la farine (acide ascorbique, alpha-amylases, hémicellulases).;gluten, lait;graines de sésame, soja, fruits à coque, œufs;"Végétarien; Beurre; Clean Label; Halal; Beurre Fin";12;n.d.;ACTIF;PATI-PATE-500;https://www.bridor.com/fr-fr/catalogue-produit/patisserie/pates-feuilletees/plaque-de-pate-levee-feuilletee-500g-34813;2026-09-10
Bridor;41591;Bola de Berlim creamy 120g;PATI;autres-patisseries;Panidor;PRÊT-A-SERVIR;120g;20;104;2.4;farine de BLÉ, eau, sucre, huile de tournesol, ŒUF pasteurisé, amidon modifié, huiles et graisses végétales (palme, noix de coco, soja entièrement raffiné, tournesol) 2,7%, beurre (LAIT), lactosérum en poudre (LAIT), poudre de LAIT écrémé, émulsifiants (esters monoacétyltartriques et diacétyltartriques des mono- et diglycérides d'acides gras, stéaroyl-2-lactylate de sodium, mono- et diglycérides d'acides gras, esters acétiques des mono- et diglycérides d'acides gras), sel, levure, correcteurs d'acidité (carbonate de calcium, phosphates de calcium, acide citrique), dextrose, huile végétale non hydrogénée (palme, palmiste), sirop de glucose, stabilisants (diphosphates, phosphates de sodium, sulfate de calcium), colorants (caroténoïdes, norbixine de rocou), conservateur (sorbate de potassium), agent de traitement de la farine (acide ascorbique), arôme, farine de BLÉ malté, épaississant (alginate de sodium), enzyme, arôme naturel (LAIT), protéines de LAIT.ŒUFS issus de poules élevées au sol.;gluten, lait, œufs;mollusque, graines de sésame, moutarde, soja, fruits à coque;"Végétarien; MGC; Oeufs Plein Air; Oeufs Ponte au Sol; Cultures Boulangères; Matière Grasse Composée";9;n.d.;ACTIF;PATI-AUTR-120;https://www.bridor.com/fr-fr/catalogue-produit/patisserie/autres-patisseries/bola-de-berlim-creamy-120g-41591;2026-09-10
Bridor;41588;Bola de Berlim Nature 80g;PATI;autres-patisseries;Panidor;PRÊT-A-SERVIR;80g;20;104;1.6;farine de BLÉ, eau, sucre, huile de tournesol, ŒUF pasteurisé, huiles et graisses végétales (palme, noix de coco, soja entièrement raffiné, tournesol) 4%, beurre (LAIT), poudre de LAIT écrémé, émulsifiants (esters monoacétyltartriques et diacétyltartriques des mono- et diglycérides d'acides gras, stéaroyl-2-lactylate de sodium, mono- et diglycérides d'acides gras), sel, levure, colorants (caroténoïdes, norbixine de rocou), correcteurs d'acidité (carbonate de calcium, phosphates de calcium, acide citrique), agent de traitement de la farine (acide ascorbique), arôme, farine de BLÉ malté, enzyme.;gluten, lait, œufs;mollusque, graines de sésame, moutarde, soja, fruits à coque;"Végétarien; MGC; Halal; Cultures Boulangères; Matière Grasse Composée";9;n.d.;ACTIF;PATI-AUTR-80;https://www.bridor.com/fr-fr/catalogue-produit/patisserie/autres-patisseries/bola-de-berlim-nature-80g-41588;2026-09-10
Bridor;35431;Briochette Sans Gluten 50g;PATI;autres-patisseries;Mieux-être;CUIT;50g;50;64;2.5;pâte (ŒUFS, beurre fin (LAIT) 14%, amidon de maïs, sucre, farine de millet, farine de riz, farine de riz complet, fécule de pomme de terre, eau, levure, épaississants (gomme xanthane, gomme tara), sel), finition (sucre).ŒUFS issus de poules élevées au sol.;lait, œufs;n.d.;"Végétarien; Beurre; Oeufs Plein Air; Clean Label; Halal; Oeufs Ponte au Sol; Sans Gluten; Beurre Fin";12;n.d.;ACTIF;PATI-AUTR-50;https://www.bridor.com/fr-fr/catalogue-produit/patisserie/autres-patisseries/briochette-sans-gluten-50g-35431;2026-09-10
Bridor;35430;Madeleine Sans Gluten 30g;PATI;autres-patisseries;Mieux-être;CUIT;30g;50;96;1.5;ŒUFS, beurre fin (LAIT) 22%, sucre, farine de riz, farine de riz complet, fécule de pomme de terre, amidon de maïs, farine de millet, poudres à lever (carbonate acide de sodium, diphosphate disodique), épaississant (gomme xanthane), sous-produit de vanille.;lait, œufs;n.d.;"Végétarien; Beurre; Oeufs Plein Air; Halal; Oeufs Ponte au Sol; Sans Gluten; Beurre Fin";12;n.d.;ACTIF;PATI-AUTR-30;https://www.bridor.com/fr-fr/catalogue-produit/patisserie/autres-patisseries/madeleine-sans-gluten-30g-35430;2026-09-10
