fournisseur;ref_sku;nom_commercial;famille;categorie;gamme;tags;url_source;date_collecte
Bridor;33250;Croissant 40g;VIEN;croissants;Les Savoureux;Beurre Fin;https://www.bridor.com/fr-fr/catalogue-produit/viennoiseries/croissants/croissant-40g-33250;2026-09-10
Bridor;32960;Croissant 50g;VIEN;croissants;Eclat Du Terroir;Beurre Fin;https://www.bridor.com/fr-fr/catalogue-produit/viennoiseries/croissants/croissant-50g-32960;2026-09-10
Bridor;30158;Croissant 50g;VIEN;croissants;Les Classiques;Beurre Fin;https://www.bridor.com/fr-fr/catalogue-produit/viennoiseries/croissants/croissant-50g-30158;2026-09-10
Bridor;32882;Croissant 50g;VIEN;croissants;Les Savoureux;Beurre Fin;https://www.bridor.com/fr-fr/catalogue-produit/viennoiseries/croissants/croissant-50g-32882;2026-09-10
Bridor;32629;Croissant 55g;VIEN;croissants;Les Classiques;Beurre Fin;https://www.bridor.com/fr-fr/catalogue-produit/viennoiseries/croissants/croissant-55g-32629;2026-09-10
Bridor;34541;Croissant 60g;VIEN;croissants;Eclat Du Terroir;Beurre Fin;https://www.bridor.com/fr-fr/catalogue-produit/viennoiseries/croissants/croissant-60g-34541;2026-09-10
Bridor;31000;Croissant 60g;VIEN;croissants;Les Savoureux;Beurre Fin;https://www.bridor.com/fr-fr/catalogue-produit/viennoiseries/croissants/croissant-60g-31000;2026-09-10
Bridor;34161;Croissant 60g;VIEN;croissants;Eclat Du Terroir;Beurre Fin;https://www.bridor.com/fr-fr/catalogue-produit/viennoiseries/croissants/croissant-60g-34161;2026-09-10
Bridor;30168;Croissant 60g;VIEN;croissants;Les Classiques;Beurre Fin;https://www.bridor.com/fr-fr/catalogue-produit/viennoiseries/croissants/croissant-60g-30168;2026-09-10
Bridor;30936;Croissant 60g;VIEN;croissants;Les Savoureux;Beurre Fin;https://www.bridor.com/fr-fr/catalogue-produit/viennoiseries/croissants/croissant-60g-30936;2026-09-10
Bridor;37460;Croissant 60g;VIEN;croissants;Les Irrésistibles;Beurre Fin;https://www.bridor.com/fr-fr/catalogue-produit/viennoiseries/croissants/croissant-60g-37460;2026-09-10
Bridor;37782;Croissant 65g;VIEN;croissants;;Matière Grasse Composée;https://www.bridor.com/fr-fr/catalogue-produit/viennoiseries/croissants/croissant-65g-37782;2026-09-10
Bridor;36039;Croissant 65g;VIEN;croissants;Les Irrésistibles;Beurre Fin;https://www.bridor.com/fr-fr/catalogue-produit/viennoiseries/croissants/croissant-65g-36039;2026-09-10
Bridor;33914;Croissant 70g;VIEN;croissants;Eclat Du Terroir;Beurre Charentes-Poitou AOP;https://www.bridor.com/fr-fr/catalogue-produit/viennoiseries/croissants/croissant-70g-33914;2026-09-10
Bridor;31802;Croissant 70g;VIEN;croissants;Bridor Une Recette Lenôtre Professionnels;Beurre Charentes-Poitou AOP;https://www.bridor.com/fr-fr/catalogue-produit/viennoiseries/croissants/croissant-70g-31802;2026-09-10
Bridor;40721;Croissant 70g;VIEN;croissants;Eclat Du Terroir;Beurre Fin;https://www.bridor.com/fr-fr/catalogue-produit/viennoiseries/croissants/croissant-70g-40721;2026-09-10
Bridor;37693;Croissant 70g;VIEN;croissants;Les Irrésistibles;Beurre Fin;https://www.bridor.com/fr-fr/catalogue-produit/viennoiseries/croissants/croissant-70g-37693;2026-09-10
Bridor;33230;Croissant 70g;VIEN;croissants;Eclat Du Terroir;Beurre Fin;https://www.bridor.com/fr-fr/catalogue-produit/viennoiseries/croissants/croissant-70g-33230;2026-09-10
Bridor;41414;Croissant 70g;VIEN;croissants;Les Inspirés;Beurre fin;https://www.bridor.com/fr-fr/catalogue-produit/viennoiseries/croissants/croissant-70g-41414;2026-09-10
Bridor;31044;Croissant 70g;VIEN;croissants;Les Savoureux;Beurre Fin;https://www.bridor.com/fr-fr/catalogue-produit/viennoiseries/croissants/croissant-70g-31044;2026-09-10
Bridor;37383;Croissant 70g;VIEN;croissants;Eclat Du Terroir;Beurre Charentes-Poitou AOP;https://www.bridor.com/fr-fr/catalogue-produit/viennoiseries/croissants/croissant-70g-37383;2026-09-10
Bridor;30063;Croissant 71g;VIEN;croissants;Les Savoureux;Beurre Fin;https://www.bridor.com/fr-fr/catalogue-produit/viennoiseries/croissants/croissant-71g-30063;2026-09-10
Bridor;38317;Croissant 75g;VIEN;croissants;Les Irrésistibles;Beurre Fin;https://www.bridor.com/fr-fr/catalogue-produit/viennoiseries/croissants/croissant-75g-38317;2026-09-10
Bridor;30995;Croissant 80g;VIEN;croissants;Bridor Une Recette Lenôtre Professionnels;Beurre Charentes-Poitou AOP;https://www.bridor.com/fr-fr/catalogue-produit/viennoiseries/croissants/croissant-80g-30995;2026-09-10
Bridor;42466;Croissant 80g;VIEN;croissants;Les Irrésistibles;Beurre Fin;https://www.bridor.com/fr-fr/catalogue-produit/viennoiseries/croissants/croissant-80g-42466;2026-09-10
Bridor;35653;Croissant 80g;VIEN;croissants;Les Savoureux;Beurre Fin;https://www.bridor.com/fr-fr/catalogue-produit/viennoiseries/croissants/croissant-80g-35653;2026-09-10
Bridor;35511;Croissant 80g;VIEN;croissants;Les Classiques;Beurre Fin;https://www.bridor.com/fr-fr/catalogue-produit/viennoiseries/croissants/croissant-80g-35511;2026-09-10
Bridor;35099;Croissant 80g;VIEN;croissants;Les Savoureux;Beurre Fin;https://www.bridor.com/fr-fr/catalogue-produit/viennoiseries/croissants/croissant-80g-35099;2026-09-10
Bridor;31780;Croissant 80g;VIEN;croissants;Eclat Du Terroir;Beurre Charentes-Poitou AOP;https://www.bridor.com/fr-fr/catalogue-produit/viennoiseries/croissants/croissant-80g-31780;2026-09-10
Bridor;40677;Croissant 80g;VIEN;croissants;Eclat Du Terroir;Beurre Fin;https://www.bridor.com/fr-fr/catalogue-produit/viennoiseries/croissants/croissant-80g-40677;2026-09-10
Bridor;35676;Croissant 90g;VIEN;croissants;Les Savoureux;Beurre Fin;https://www.bridor.com/fr-fr/catalogue-produit/viennoiseries/croissants/croissant-90g-35676;2026-09-10
Bridor;41855;Croissant Arty 75g;VIEN;croissants;Eclat Du Terroir;Beurre fin;https://www.bridor.com/fr-fr/catalogue-produit/viennoiseries/croissants/croissant-arty-75g-41855;2026-09-10
Bridor;44208;Croissant Arty 80g;VIEN;croissants;Eclat Du Terroir;Beurre fin;https://www.bridor.com/fr-fr/catalogue-produit/viennoiseries/croissants/croissant-arty-80g-44208;2026-09-10
Bridor;32504;Croissant BIO 70g;VIEN;croissants;BIO;;https://www.bridor.com/fr-fr/catalogue-produit/viennoiseries/croissants/croissant-bio-70g-32504;2026-09-10
Bridor;35022;Croissant Courbé 70g;VIEN;croissants;Eclat Du Terroir;Beurre Fin;https://www.bridor.com/fr-fr/catalogue-produit/viennoiseries/croissants/croissant-courbe-70g-35022;2026-09-10
Bridor;39621;Croissant Courbé 80g;VIEN;croissants;Les Savoureux;Beurre Fin;https://www.bridor.com/fr-fr/catalogue-produit/viennoiseries/croissants/croissant-courbe-80g-39621;2026-09-10
Bridor;32562;Croissant Courbé 80g;VIEN;croissants;Les Classiques;Beurre Fin;https://www.bridor.com/fr-fr/catalogue-produit/viennoiseries/croissants/croissant-courbe-80g-32562;2026-09-10
Bridor;31542;Croissant Lunch 30g;VIEN;croissants;Bridor Une Recette Lenôtre Professionnels;Beurre Charentes-Poitou AOP;https://www.bridor.com/fr-fr/catalogue-produit/viennoiseries/croissants/croissant-lunch-30g-31542;2026-09-10
Bridor;31778;Croissant Lunch 30g;VIEN;croissants;Bridor Une Recette Lenôtre Professionnels;Beurre Charentes-Poitou AOP;https://www.bridor.com/fr-fr/catalogue-produit/viennoiseries/croissants/croissant-lunch-30g-31778;2026-09-10
Bridor;32974;Croissant Lunch 30g;VIEN;croissants;Bridor Une Recette Lenôtre Professionnels;Beurre Fin;https://www.bridor.com/fr-fr/catalogue-produit/viennoiseries/croissants/croissant-lunch-30g-32974;2026-09-10
Bridor;31026;Croissant Lunch 30g;VIEN;croissants;Les Classiques;Beurre Fin;https://www.bridor.com/fr-fr/catalogue-produit/viennoiseries/croissants/croissant-lunch-30g-31026;2026-09-10
Bridor;35191;Croissant Lunch 30g;VIEN;croissants;Eclat Du Terroir;Beurre Fin;https://www.bridor.com/fr-fr/catalogue-produit/viennoiseries/croissants/croissant-lunch-30g-35191;2026-09-10
Bridor;32881;Croissant Lunch 30g;VIEN;croissants;Les Savoureux;Beurre Fin;https://www.bridor.com/fr-fr/catalogue-produit/viennoiseries/croissants/croissant-lunch-30g-32881;2026-09-10
Bridor;38564;Croissant Lunch BIO 30g;VIEN;croissants;BIO;Beurre Bio;https://www.bridor.com/fr-fr/catalogue-produit/viennoiseries/croissants/croissant-lunch-bio-30g-38564;2026-09-10
Bridor;35681;Croissant Lunch Multigrains 35g;VIEN;croissants;Les Evasions;Beurre Fin;https://www.bridor.com/fr-fr/catalogue-produit/viennoiseries/croissants/croissant-lunch-multigrains-35g-35681;2026-09-10
Bridor;42750;Croissant Lunch SelectBlend 40g;VIEN;croissants;Baker Solution;Matière Grasse Composée;https://www.bridor.com/fr-fr/catalogue-produit/viennoiseries/croissants/croissant-lunch-selectblend-40g-42750;2026-09-10
Bridor;34732;Croissant Multigrains 70g;VIEN;croissants;Les Evasions;Beurre Fin;https://www.bridor.com/fr-fr/catalogue-produit/viennoiseries/croissants/croissant-multigrains-70g-34732;2026-09-10
Bridor;40838;Croissant multigrains SelectBlend 35g;VIEN;croissants;Les Evasions;Matière Grasse Composée;https://www.bridor.com/fr-fr/catalogue-produit/viennoiseries/croissants/croissant-multigrains-selectblend-35g-40838;2026-09-10
Bridor;42746;Croissant SelectBlend 60g;VIEN;croissants;Baker Solution;Matière Grasse Composée;https://www.bridor.com/fr-fr/catalogue-produit/viennoiseries/croissants/croissant-selectblend-60g-42746;2026-09-10
Bridor;43880;Croissant SelectBlend 65g;VIEN;croissants;Baker Solution;Matière Grasse Composée;https://www.bridor.com/fr-fr/catalogue-produit/viennoiseries/croissants/croissant-selectblend-65g-43880;2026-09-10
Bridor;35508;Croissant SelectBlend 70g;VIEN;croissants;Baker Solution;Matière Grasse Composée;https://www.bridor.com/fr-fr/catalogue-produit/viennoiseries/croissants/croissant-selectblend-70g-35508;2026-09-10
Bridor;42739;Croissant SelectBlend 80g;VIEN;croissants;Baker Solution;Matière Grasse Composée;https://www.bridor.com/fr-fr/catalogue-produit/viennoiseries/croissants/croissant-selectblend-80g-42739;2026-09-10
Bridor;40871;Croissant SelectBlend Topping sucre 75g;VIEN;croissants;Baker Solution;Matière Grasse Composée;https://www.bridor.com/fr-fr/catalogue-produit/viennoiseries/croissants/croissant-selectblend-topping-sucre-75g-40871;2026-09-10
Bridor;41241;Croissant Vegan 70g;VIEN;croissants;Baker Solution;Matière Grasse Végétale;https://www.bridor.com/fr-fr/catalogue-produit/viennoiseries/croissants/croissant-vegan-70g-41241;2026-09-10
Bridor;40544;Croissant Zaatar 35g;VIEN;croissants;Les Evasions;Beurre Fin;https://www.bridor.com/fr-fr/catalogue-produit/viennoiseries/croissants/croissant-zaatar-35g-40544;2026-09-10
Bridor;40543;Croissant Zaatar 70g;VIEN;croissants;Les Evasions;Beurre Fin;https://www.bridor.com/fr-fr/catalogue-produit/viennoiseries/croissants/croissant-zaatar-70g-40543;2026-09-10
Bridor;43279;Maxi Croissant 120g;VIEN;croissants;Les Classiques;Beurre Fin;https://www.bridor.com/fr-fr/catalogue-produit/viennoiseries/croissants/maxi-croissant-120g-43279;2026-09-10
Bridor;32921;Mini Croissant 20g;VIEN;croissants;Les Savoureux;Beurre Fin;https://www.bridor.com/fr-fr/catalogue-produit/viennoiseries/croissants/mini-croissant-20g-32921;2026-09-10
Bridor;32956;Mini Croissant 20g;VIEN;croissants;Les Savoureux;Beurre Fin;https://www.bridor.com/fr-fr/catalogue-produit/viennoiseries/croissants/mini-croissant-20g-32956;2026-09-10
Bridor;33980;Mini Croissant 25g;VIEN;croissants;Eclat Du Terroir;Beurre Fin;https://www.bridor.com/fr-fr/catalogue-produit/viennoiseries/croissants/mini-croissant-25g-33980;2026-09-10
Bridor;32181;Mini Croissant 25g;VIEN;croissants;Les Savoureux;Beurre Fin;https://www.bridor.com/fr-fr/catalogue-produit/viennoiseries/croissants/mini-croissant-25g-32181;2026-09-10
Bridor;34840;Mini Croissant 25g;VIEN;croissants;Les Classiques;Beurre Fin;https://www.bridor.com/fr-fr/catalogue-produit/viennoiseries/croissants/mini-croissant-25g-34840;2026-09-10
Bridor;39714;Mini Croissant 25g;VIEN;croissants;Les Irrésistibles;Beurre Fin;https://www.bridor.com/fr-fr/catalogue-produit/viennoiseries/croissants/mini-croissant-25g-39714;2026-09-10
Bridor;40260;Mini Croissant 35g;VIEN;croissants;Bridor x Pierre Hermé Paris;Beurre Breton;https://www.bridor.com/fr-fr/catalogue-produit/viennoiseries/croissants/mini-croissant-35g-40260;2026-09-10
Bridor;35506;Mini Croissant SelectBlend 25g;VIEN;croissants;Baker Solution;Matière Grasse Composée;https://www.bridor.com/fr-fr/catalogue-produit/viennoiseries/croissants/mini-croissant-selectblend-25g-35506;2026-09-10
Bridor;40837;Mini Croissant SelectBlend 30g;VIEN;croissants;Baker Solution;Matière Grasse Composée;https://www.bridor.com/fr-fr/catalogue-produit/viennoiseries/croissants/mini-croissant-selectblend-30g-40837;2026-09-10
Bridor;42855;Mini Croissant Vegan 30g;VIEN;croissants;Baker Solution;Matière Grasse Végétale;https://www.bridor.com/fr-fr/catalogue-produit/viennoiseries/croissants/mini-croissant-vegan-30g-42855;2026-09-10
Bridor;32717;Maxi Pain au Chocolat 150g;VIEN;pains-au-chocolat;Les Classiques;Beurre Fin;https://www.bridor.com/fr-fr/catalogue-produit/viennoiseries/pains-au-chocolat/maxi-pain-au-chocolat-150g-32717;2026-09-10
Bridor;32182;Mini Pain au Chocolat 25g;VIEN;pains-au-chocolat;Les Savoureux;Beurre Fin;https://www.bridor.com/fr-fr/catalogue-produit/viennoiseries/pains-au-chocolat/mini-pain-au-chocolat-25g-32182;2026-09-10
Bridor;34853;Mini Pain au Chocolat 25g;VIEN;pains-au-chocolat;Les Classiques;Beurre Fin;https://www.bridor.com/fr-fr/catalogue-produit/viennoiseries/pains-au-chocolat/mini-pain-au-chocolat-25g-34853;2026-09-10
Bridor;32922;Mini Pain au Chocolat 28g;VIEN;pains-au-chocolat;Les Savoureux;Beurre Fin;https://www.bridor.com/fr-fr/catalogue-produit/viennoiseries/pains-au-chocolat/mini-pain-au-chocolat-28g-32922;2026-09-10
Bridor;32958;Mini Pain au Chocolat 28g;VIEN;pains-au-chocolat;Les Savoureux;Beurre Fin;https://www.bridor.com/fr-fr/catalogue-produit/viennoiseries/pains-au-chocolat/mini-pain-au-chocolat-28g-32958;2026-09-10
Bridor;39713;Mini Pain au Chocolat 28g;VIEN;pains-au-chocolat;Les Irrésistibles;Beurre Fin;https://www.bridor.com/fr-fr/catalogue-produit/viennoiseries/pains-au-chocolat/mini-pain-au-chocolat-28g-39713;2026-09-10
Bridor;33981;Mini Pain au Chocolat 30g;VIEN;pains-au-chocolat;Eclat Du Terroir;Beurre Fin;https://www.bridor.com/fr-fr/catalogue-produit/viennoiseries/pains-au-chocolat/mini-pain-au-chocolat-30g-33981;2026-09-10
Bridor;40261;Mini Pain au Chocolat 40g;VIEN;pains-au-chocolat;Bridor x Pierre Hermé Paris;Beurre Charentes-Poitou AOP;https://www.bridor.com/fr-fr/catalogue-produit/viennoiseries/pains-au-chocolat/mini-pain-au-chocolat-40g-40261;2026-09-10
Bridor;35507;Mini Pain au chocolat SelectBlend 28g;VIEN;pains-au-chocolat;Baker Solution;Matière Grasse Composée;https://www.bridor.com/fr-fr/catalogue-produit/viennoiseries/pains-au-chocolat/mini-pain-au-chocolat-selectblend-28g-35507;2026-09-10
Bridor;42760;Mini Pain au chocolat SelectBlend 35g;VIEN;pains-au-chocolat;Baker Solution;Matière Grasse Composée;https://www.bridor.com/fr-fr/catalogue-produit/viennoiseries/pains-au-chocolat/mini-pain-au-chocolat-selectblend-35g-42760;2026-09-10
Bridor;42870;Mini Pain au Chocolat Vegan 32g;VIEN;pains-au-chocolat;Baker Solution;Matière Grasse Végétale;https://www.bridor.com/fr-fr/catalogue-produit/viennoiseries/pains-au-chocolat/mini-pain-au-chocolat-vegan-32g-42870;2026-09-10
Bridor;32918;Pain au Chocolat 32g;VIEN;pains-au-chocolat;Les Savoureux;Beurre Fin;https://www.bridor.com/fr-fr/catalogue-produit/viennoiseries/pains-au-chocolat/pain-au-chocolat-32g-32918;2026-09-10
Bridor;33751;Pain au Chocolat 65g;VIEN;pains-au-chocolat;Les Classiques;Beurre Fin;https://www.bridor.com/fr-fr/catalogue-produit/viennoiseries/pains-au-chocolat/pain-au-chocolat-65g-33751;2026-09-10
Bridor;32822;Pain au Chocolat 65g;VIEN;pains-au-chocolat;Les Savoureux;Beurre Fin;https://www.bridor.com/fr-fr/catalogue-produit/viennoiseries/pains-au-chocolat/pain-au-chocolat-65g-32822;2026-09-10
Bridor;34162;Pain au Chocolat 70g;VIEN;pains-au-chocolat;Eclat Du Terroir;Beurre Fin;https://www.bridor.com/fr-fr/catalogue-produit/viennoiseries/pains-au-chocolat/pain-au-chocolat-70g-34162;2026-09-10
Bridor;30095;Pain au Chocolat 70g;VIEN;pains-au-chocolat;Les Classiques;Beurre Fin;https://www.bridor.com/fr-fr/catalogue-produit/viennoiseries/pains-au-chocolat/pain-au-chocolat-70g-30095;2026-09-10
Bridor;37461;Pain au Chocolat 70g;VIEN;pains-au-chocolat;Les Irrésistibles;Beurre Fin;https://www.bridor.com/fr-fr/catalogue-produit/viennoiseries/pains-au-chocolat/pain-au-chocolat-70g-37461;2026-09-10
Bridor;34581;Pain au Chocolat 75g;VIEN;pains-au-chocolat;Les Classiques;Beurre Fin;https://www.bridor.com/fr-fr/catalogue-produit/viennoiseries/pains-au-chocolat/pain-au-chocolat-75g-34581;2026-09-10
Bridor;36040;Pain au Chocolat 75g;VIEN;pains-au-chocolat;Les Irrésistibles;Beurre Fin;https://www.bridor.com/fr-fr/catalogue-produit/viennoiseries/pains-au-chocolat/pain-au-chocolat-75g-36040;2026-09-10
Bridor;30937;Pain au Chocolat 75g;VIEN;pains-au-chocolat;Les Savoureux;Beurre Fin;https://www.bridor.com/fr-fr/catalogue-produit/viennoiseries/pains-au-chocolat/pain-au-chocolat-75g-30937;2026-09-10
Bridor;31001;Pain au Chocolat 75g;VIEN;pains-au-chocolat;Les Savoureux;Beurre Fin;https://www.bridor.com/fr-fr/catalogue-produit/viennoiseries/pains-au-chocolat/pain-au-chocolat-75g-31001;2026-09-10
Bridor;32099;Pain au Chocolat 80g;VIEN;pains-au-chocolat;Les Savoureux;Beurre Fin;https://www.bridor.com/fr-fr/catalogue-produit/viennoiseries/pains-au-chocolat/pain-au-chocolat-80g-32099;2026-09-10
Bridor;31691;Pain au Chocolat 80g;VIEN;pains-au-chocolat;Eclat Du Terroir;Beurre Charentes-Poitou AOP;https://www.bridor.com/fr-fr/catalogue-produit/viennoiseries/pains-au-chocolat/pain-au-chocolat-80g-31691;2026-09-10
Bridor;31803;Pain au Chocolat 80g;VIEN;pains-au-chocolat;Bridor Une Recette Lenôtre Professionnels;Beurre Charentes-Poitou AOP;https://www.bridor.com/fr-fr/catalogue-produit/viennoiseries/pains-au-chocolat/pain-au-chocolat-80g-31803;2026-09-10
Bridor;41476;Pain au Chocolat 80g;VIEN;pains-au-chocolat;Eclat Du Terroir;Beurre Fin;https://www.bridor.com/fr-fr/catalogue-produit/viennoiseries/pains-au-chocolat/pain-au-chocolat-80g-41476;2026-09-10
Bridor;31792;Pain au Chocolat 80g;VIEN;pains-au-chocolat;Eclat Du Terroir;Beurre Charentes-Poitou AOP;https://www.bridor.com/fr-fr/catalogue-produit/viennoiseries/pains-au-chocolat/pain-au-chocolat-80g-31792;2026-09-10
Bridor;41413;Pain au Chocolat 80g;VIEN;pains-au-chocolat;Les Inspirés;Beurre fin;https://www.bridor.com/fr-fr/catalogue-produit/viennoiseries/pains-au-chocolat/pain-au-chocolat-80g-41413;2026-09-10
Bridor;31027;Pain au Chocolat 80g;VIEN;pains-au-chocolat;Les Classiques;Beurre Fin;https://www.bridor.com/fr-fr/catalogue-produit/viennoiseries/pains-au-chocolat/pain-au-chocolat-80g-31027;2026-09-10
Bridor;34166;Pain au Chocolat 80g;VIEN;pains-au-chocolat;Les Savoureux;Beurre Fin;https://www.bridor.com/fr-fr/catalogue-produit/viennoiseries/pains-au-chocolat/pain-au-chocolat-80g-34166;2026-09-10
Bridor;40675;Pain au Chocolat 80g;VIEN;pains-au-chocolat;Eclat Du Terroir;Beurre Fin;https://www.bridor.com/fr-fr/catalogue-produit/viennoiseries/pains-au-chocolat/pain-au-chocolat-80g-40675;2026-09-10
Bridor;38318;Pain au Chocolat 85g;VIEN;pains-au-chocolat;Les Irrésistibles;Beurre Fin;https://www.bridor.com/fr-fr/catalogue-produit/viennoiseries/pains-au-chocolat/pain-au-chocolat-85g-38318;2026-09-10
Bridor;41856;Pain au Chocolat Arty 85g;VIEN;pains-au-chocolat;Eclat Du Terroir;Beurre fin;https://www.bridor.com/fr-fr/catalogue-produit/viennoiseries/pains-au-chocolat/pain-au-chocolat-arty-85g-41856;2026-09-10
Bridor;44210;Pain au Chocolat Arty 90g;VIEN;pains-au-chocolat;Eclat Du Terroir;Beurre fin;https://www.bridor.com/fr-fr/catalogue-produit/viennoiseries/pains-au-chocolat/pain-au-chocolat-arty-90g-44210;2026-09-10
Bridor;32564;Pain au Chocolat BIO 75g;VIEN;pains-au-chocolat;BIO;Beurre Bio;https://www.bridor.com/fr-fr/catalogue-produit/viennoiseries/pains-au-chocolat/pain-au-chocolat-bio-75g-32564;2026-09-10
Bridor;40839;Pain au Chocolat Lunch 32g;VIEN;pains-au-chocolat;Baker Solution;Matière Grasse Végétale;https://www.bridor.com/fr-fr/catalogue-produit/viennoiseries/pains-au-chocolat/pain-au-chocolat-lunch-32g-40839;2026-09-10
Bridor;31025;Pain au Chocolat Lunch 32g;VIEN;pains-au-chocolat;Les Classiques;Beurre Fin;https://www.bridor.com/fr-fr/catalogue-produit/viennoiseries/pains-au-chocolat/pain-au-chocolat-lunch-32g-31025;2026-09-10
Bridor;31543;Pain au Chocolat Lunch 35g;VIEN;pains-au-chocolat;Bridor Une Recette Lenôtre Professionnels;Beurre Charentes-Poitou AOP;https://www.bridor.com/fr-fr/catalogue-produit/viennoiseries/pains-au-chocolat/pain-au-chocolat-lunch-35g-31543;2026-09-10
Bridor;35192;Pain au Chocolat Lunch 35g;VIEN;pains-au-chocolat;Eclat Du Terroir;Beurre Fin;https://www.bridor.com/fr-fr/catalogue-produit/viennoiseries/pains-au-chocolat/pain-au-chocolat-lunch-35g-35192;2026-09-10
Bridor;32973;Pain au Chocolat Lunch 35g;VIEN;pains-au-chocolat;Bridor Une Recette Lenôtre Professionnels;Beurre Fin;https://www.bridor.com/fr-fr/catalogue-produit/viennoiseries/pains-au-chocolat/pain-au-chocolat-lunch-35g-32973;2026-09-10
Bridor;31776;Pain au Chocolat Lunch 35g;VIEN;pains-au-chocolat;Bridor Une Recette Lenôtre Professionnels;Beurre Charentes-Poitou AOP;https://www.bridor.com/fr-fr/catalogue-produit/viennoiseries/pains-au-chocolat/pain-au-chocolat-lunch-35g-31776;2026-09-10
Bridor;38563;Pain au Chocolat Lunch BIO 35g;VIEN;pains-au-chocolat;BIO;Beurre Bio;https://www.bridor.com/fr-fr/catalogue-produit/viennoiseries/pains-au-chocolat/pain-au-chocolat-lunch-bio-35g-38563;2026-09-10
Bridor;42857;Pain au chocolat SelectBlend 105g;VIEN;pains-au-chocolat;Baker Solution;Matière Grasse Composée;https://www.bridor.com/fr-fr/catalogue-produit/viennoiseries/pains-au-chocolat/pain-au-chocolat-selectblend-105g-42857;2026-09-10
Bridor;42747;Pain au chocolat SelectBlend 70g;VIEN;pains-au-chocolat;Baker Solution;Matière Grasse Composée;https://www.bridor.com/fr-fr/catalogue-produit/viennoiseries/pains-au-chocolat/pain-au-chocolat-selectblend-70g-42747;2026-09-10
Bridor;43879;Pain au chocolat SelectBlend 75g;VIEN;pains-au-chocolat;Baker Solution;Matière Grasse Composée;https://www.bridor.com/fr-fr/catalogue-produit/viennoiseries/pains-au-chocolat/pain-au-chocolat-selectblend-75g-43879;2026-09-10
Bridor;35509;Pain au chocolat SelectBlend 80g;VIEN;pains-au-chocolat;Baker Solution;Matière Grasse Composée;https://www.bridor.com/fr-fr/catalogue-produit/viennoiseries/pains-au-chocolat/pain-au-chocolat-selectblend-80g-35509;2026-09-10
Bridor;41221;Pain au Chocolat Vegan 80g;VIEN;pains-au-chocolat;Baker Solution;Matière Grasse Végétale;https://www.bridor.com/fr-fr/catalogue-produit/viennoiseries/pains-au-chocolat/pain-au-chocolat-vegan-80g-41221;2026-09-10
Bridor;32972;Mini Pain aux raisins 30g;VIEN;pains-aux-raisins;Bridor Une Recette Lenôtre Professionnels;Beurre Fin;https://www.bridor.com/fr-fr/catalogue-produit/viennoiseries/pains-aux-raisins/mini-pain-aux-raisins-30g-32972;2026-09-10
Bridor;31290;Mini Pain aux raisins 30g;VIEN;pains-aux-raisins;Bridor Une Recette Lenôtre Professionnels;Beurre Charentes-Poitou AOP;https://www.bridor.com/fr-fr/catalogue-produit/viennoiseries/pains-aux-raisins/mini-pain-aux-raisins-30g-31290;2026-09-10
Bridor;32923;Mini Pain aux raisins 30g;VIEN;pains-aux-raisins;Les Savoureux;Beurre Fin;https://www.bridor.com/fr-fr/catalogue-produit/viennoiseries/pains-aux-raisins/mini-pain-aux-raisins-30g-32923;2026-09-10
Bridor;32183;Mini Pain aux raisins 30g;VIEN;pains-aux-raisins;Les Savoureux;Beurre Fin;https://www.bridor.com/fr-fr/catalogue-produit/viennoiseries/pains-aux-raisins/mini-pain-aux-raisins-30g-32183;2026-09-10
Bridor;34854;Mini Pain aux raisins 30g;VIEN;pains-aux-raisins;Les Classiques;Beurre Fin;https://www.bridor.com/fr-fr/catalogue-produit/viennoiseries/pains-aux-raisins/mini-pain-aux-raisins-30g-34854;2026-09-10
Bridor;33982;Mini Pain aux Raisins 35g;VIEN;pains-aux-raisins;Eclat Du Terroir;Beurre Fin;https://www.bridor.com/fr-fr/catalogue-produit/viennoiseries/pains-aux-raisins/mini-pain-aux-raisins-35g-33982;2026-09-10
Bridor;42759;Mini Pain aux raisins SelectBlend 30g;VIEN;pains-aux-raisins;Baker Solution;Matière Grasse Composée;https://www.bridor.com/fr-fr/catalogue-produit/viennoiseries/pains-aux-raisins/mini-pain-aux-raisins-selectblend-30g-42759;2026-09-10
Bridor;41054;Pain aux raisins 105g;VIEN;pains-aux-raisins;Les Savoureux;Beurre Fin;https://www.bridor.com/fr-fr/catalogue-produit/viennoiseries/pains-aux-raisins/pain-aux-raisins-105g-41054;2026-09-10
Bridor;30261;Pain aux raisins 105g;VIEN;pains-aux-raisins;Les Classiques;Beurre Fin;https://www.bridor.com/fr-fr/catalogue-produit/viennoiseries/pains-aux-raisins/pain-aux-raisins-105g-30261;2026-09-10
Bridor;32422;Pain aux raisins 110g;VIEN;pains-aux-raisins;Les Savoureux;Beurre Fin;https://www.bridor.com/fr-fr/catalogue-produit/viennoiseries/pains-aux-raisins/pain-aux-raisins-110g-32422;2026-09-10
Bridor;31002;Pain aux raisins 110g;VIEN;pains-aux-raisins;Les Savoureux;Beurre Fin;https://www.bridor.com/fr-fr/catalogue-produit/viennoiseries/pains-aux-raisins/pain-aux-raisins-110g-31002;2026-09-10
Bridor;32659;Pain aux raisins 120g;VIEN;pains-aux-raisins;Les Classiques;Beurre Fin;https://www.bridor.com/fr-fr/catalogue-produit/viennoiseries/pains-aux-raisins/pain-aux-raisins-120g-32659;2026-09-10
Bridor;32569;Pain aux Raisins 130g;VIEN;pains-aux-raisins;Eclat Du Terroir;Beurre Charentes-Poitou AOP;https://www.bridor.com/fr-fr/catalogue-produit/viennoiseries/pains-aux-raisins/pain-aux-raisins-130g-32569;2026-09-10
Bridor;41052;Pain aux raisins 130g;VIEN;pains-aux-raisins;Eclat Du Terroir;Beurre Fin;https://www.bridor.com/fr-fr/catalogue-produit/viennoiseries/pains-aux-raisins/pain-aux-raisins-130g-41052;2026-09-10
Bridor;41053;Pain aux raisins 130g;VIEN;pains-aux-raisins;Eclat Du Terroir;Beurre Fin;https://www.bridor.com/fr-fr/catalogue-produit/viennoiseries/pains-aux-raisins/pain-aux-raisins-130g-41053;2026-09-10
Bridor;32919;Pain aux raisins 35g;VIEN;pains-aux-raisins;Les Savoureux;Beurre Fin;https://www.bridor.com/fr-fr/catalogue-produit/viennoiseries/pains-aux-raisins/pain-aux-raisins-35g-32919;2026-09-10
Bridor;35712;Pain aux raisins 96g;VIEN;pains-aux-raisins;Les Savoureux;Beurre Fin;https://www.bridor.com/fr-fr/catalogue-produit/viennoiseries/pains-aux-raisins/pain-aux-raisins-96g-35712;2026-09-10
Bridor;35193;Pain aux Raisins Lunch 30g;VIEN;pains-aux-raisins;Eclat Du Terroir;Beurre Fin;https://www.bridor.com/fr-fr/catalogue-produit/viennoiseries/pains-aux-raisins/pain-aux-raisins-lunch-30g-35193;2026-09-10
Bridor;40841;Pain aux Raisins Lunch 35g;VIEN;pains-aux-raisins;Baker Solution;Matière Grasse Végétale;https://www.bridor.com/fr-fr/catalogue-produit/viennoiseries/pains-aux-raisins/pain-aux-raisins-lunch-35g-40841;2026-09-10
Bridor;43903;Pain aux raisins SelectBlend 105g;VIEN;pains-aux-raisins;Baker Solution;Matière Grasse Composée;https://www.bridor.com/fr-fr/catalogue-produit/viennoiseries/pains-aux-raisins/pain-aux-raisins-selectblend-105g-43903;2026-09-10
Bridor;40882;Pain aux raisins SelectBlend 110g;VIEN;pains-aux-raisins;Baker Solution;Matière Grasse Composée;https://www.bridor.com/fr-fr/catalogue-produit/viennoiseries/pains-aux-raisins/pain-aux-raisins-selectblend-110g-40882;2026-09-10
Bridor;40407;Croissant fourré Abricot 90g;VIEN;croissants-fourres;Les Maxi Gourmandes;Beurre Fin;https://www.bridor.com/fr-fr/catalogue-produit/viennoiseries/croissants-fourres/croissant-fourre-abricot-90g-40407;2026-09-10
Bridor;42970;Croissant fourré abricot SelectBlend 90g;VIEN;croissants-fourres;Les Maxi Gourmandes;Matière Grasse Composée;https://www.bridor.com/fr-fr/catalogue-produit/viennoiseries/croissants-fourres/croissant-fourre-abricot-selectblend-90g-42970;2026-09-10
Bridor;34421;Croissant fourré Amande 90g;VIEN;croissants-fourres;Les Maxi Gourmandes;Beurre Fin;https://www.bridor.com/fr-fr/catalogue-produit/viennoiseries/croissants-fourres/croissant-fourre-amande-90g-34421;2026-09-10
Bridor;35716;Croissant fourré Amandes 95g;VIEN;croissants-fourres;Les Maxi Gourmandes;Beurre Fin;https://www.bridor.com/fr-fr/catalogue-produit/viennoiseries/croissants-fourres/croissant-fourre-amandes-95g-35716;2026-09-10
Bridor;44175;Croissant fourré Buenissimo 90g;VIEN;croissants-fourres;Les Maxi Gourmandes;Matière Grasse Composée;https://www.bridor.com/fr-fr/catalogue-produit/viennoiseries/croissants-fourres/croissant-fourre-buenissimo-90g-44175;2026-09-10
Bridor;37459;Croissant fourré Cacao-Noisette 70g;VIEN;croissants-fourres;Les Maxi Gourmandes;Beurre Fin;https://www.bridor.com/fr-fr/catalogue-produit/viennoiseries/croissants-fourres/croissant-fourre-cacao-noisette-70g-37459;2026-09-10
Bridor;40405;Croissant fourré Cacao-Noisette 90g;VIEN;croissants-fourres;Les Maxi Gourmandes;Beurre Fin;https://www.bridor.com/fr-fr/catalogue-produit/viennoiseries/croissants-fourres/croissant-fourre-cacao-noisette-90g-40405;2026-09-10
Bridor;40538;Croissant fourré Cacao-Noisette 90g;VIEN;croissants-fourres;Les Maxi Gourmandes;Beurre Fin;https://www.bridor.com/fr-fr/catalogue-produit/viennoiseries/croissants-fourres/croissant-fourre-cacao-noisette-90g-40538;2026-09-10
Bridor;34420;Croissant fourré Cacao-Noisette 90g;VIEN;croissants-fourres;Les Maxi Gourmandes;Beurre Fin;https://www.bridor.com/fr-fr/catalogue-produit/viennoiseries/croissants-fourres/croissant-fourre-cacao-noisette-90g-34420;2026-09-10
Bridor;36672;Croissant fourré Cacao-Noisette 90g;VIEN;croissants-fourres;Les Maxi Gourmandes;Beurre Fin;https://www.bridor.com/fr-fr/catalogue-produit/viennoiseries/croissants-fourres/croissant-fourre-cacao-noisette-90g-36672;2026-09-10
Bridor;35310;Croissant fourré Cacao-Noisette 95g;VIEN;croissants-fourres;Les Maxi Gourmandes;Beurre Fin;https://www.bridor.com/fr-fr/catalogue-produit/viennoiseries/croissants-fourres/croissant-fourre-cacao-noisette-95g-35310;2026-09-10
Bridor;40884;Croissant fourré cacao-noisette SelectBlend 90g;VIEN;croissants-fourres;Les Maxi Gourmandes;Matière Grasse Composée;https://www.bridor.com/fr-fr/catalogue-produit/viennoiseries/croissants-fourres/croissant-fourre-cacao-noisette-selectblend-90g-40884;2026-09-10
Bridor;42831;Croissant fourré crème pâtissière SelectBlend 90g;VIEN;croissants-fourres;Les Maxi Gourmandes;Matière Grasse Composée;https://www.bridor.com/fr-fr/catalogue-produit/viennoiseries/croissants-fourres/croissant-fourre-creme-patissiere-selectblend-90g-42831;2026-09-10
Bridor;40404;Croissant fourré Framboise 90g;VIEN;croissants-fourres;Les Maxi Gourmandes;Beurre Fin;https://www.bridor.com/fr-fr/catalogue-produit/viennoiseries/croissants-fourres/croissant-fourre-framboise-90g-40404;2026-09-10
Bridor;38539;Croissant fourré framboise Vegan Baker Solution 90g;VIEN;croissants-fourres;Les Maxi Gourmandes;Matière Grasse Végétale;https://www.bridor.com/fr-fr/catalogue-produit/viennoiseries/croissants-fourres/croissant-fourre-framboise-vegan-baker-solution-90g-38539;2026-09-10
Bridor;42563;Croissant fourré Pistache 85g;VIEN;croissants-fourres;Les Maxi Gourmandes;Beurre Fin;https://www.bridor.com/fr-fr/catalogue-produit/viennoiseries/croissants-fourres/croissant-fourre-pistache-85g-42563;2026-09-10
Bridor;39889;Croissant fourré à la crème pâtissière 100g;VIEN;croissants-fourres;Les Maxi Gourmandes;Beurre Fin;https://www.bridor.com/fr-fr/catalogue-produit/viennoiseries/croissants-fourres/croissant-fourre-a-la-creme-patissiere-100g-39889;2026-09-10
Bridor;42971;Mini Croissant fourré abricot SelectBlend 40g;VIEN;croissants-fourres;Les Mini Gourmandes;Matière Grasse Composée;https://www.bridor.com/fr-fr/catalogue-produit/viennoiseries/croissants-fourres/mini-croissant-fourre-abricot-selectblend-40g-42971;2026-09-10
Bridor;42972;Mini Croissant fourré cacao-noisette SelectBlend 40g;VIEN;croissants-fourres;Les Mini Gourmandes;Matière Grasse Composée;https://www.bridor.com/fr-fr/catalogue-produit/viennoiseries/croissants-fourres/mini-croissant-fourre-cacao-noisette-selectblend-40g-42972;2026-09-10
Bridor;42973;Mini Croissant fourré à la crème pâtissière SelectBlend 40g;VIEN;croissants-fourres;Les Mini Gourmandes;Matière Grasse Composée;https://www.bridor.com/fr-fr/catalogue-produit/viennoiseries/croissants-fourres/mini-croissant-fourre-a-la-creme-patissiere-selectblend-40g-42973;2026-09-10
Bridor;38184;Breizh'n'Roll 85g;VIEN;autres-viennoiseries;Les Maxi Gourmandes;Beurre Fin;https://www.bridor.com/fr-fr/catalogue-produit/viennoiseries/autres-viennoiseries/breizh-n-roll-85g-38184;2026-09-10
Bridor;39849;Brioche feuilletée spirale 295g;VIEN;autres-viennoiseries;Les Maxi Gourmandes;Beurre Fin;https://www.bridor.com/fr-fr/catalogue-produit/viennoiseries/autres-viennoiseries/brioche-feuilletee-spirale-295g-39849;2026-09-10
Bridor;30031;Briochette 60g;VIEN;autres-viennoiseries;Les Mini Gourmandes;Beurre Fin;https://www.bridor.com/fr-fr/catalogue-produit/viennoiseries/autres-viennoiseries/briochette-60g-30031;2026-09-10
Bridor;40083;Chausson aux morceaux de pommes 105g;VIEN;autres-viennoiseries;Les Savoureux;Beurre Fin;https://www.bridor.com/fr-fr/catalogue-produit/viennoiseries/autres-viennoiseries/chausson-aux-morceaux-de-pommes-105g-40083;2026-09-10
Bridor;38509;Chausson aux Pommes 100g;VIEN;autres-viennoiseries;Baker Solution;Matière Grasse Végétale;https://www.bridor.com/fr-fr/catalogue-produit/viennoiseries/autres-viennoiseries/chausson-aux-pommes-100g-38509;2026-09-10
Bridor;30228;Chausson aux Pommes 105g;VIEN;autres-viennoiseries;Les Savoureux;Beurre Fin;https://www.bridor.com/fr-fr/catalogue-produit/viennoiseries/autres-viennoiseries/chausson-aux-pommes-105g-30228;2026-09-10
Bridor;38410;Chausson aux Pommes BIO 110g;VIEN;autres-viennoiseries;BIO;Beurre Bio;https://www.bridor.com/fr-fr/catalogue-produit/viennoiseries/autres-viennoiseries/chausson-aux-pommes-bio-110g-38410;2026-09-10
Bridor;30227;Chausson aux Pommes Lunch 40g;VIEN;autres-viennoiseries;Bridor Une Recette Lenôtre Professionnels;Beurre Charentes-Poitou AOP;https://www.bridor.com/fr-fr/catalogue-produit/viennoiseries/autres-viennoiseries/chausson-aux-pommes-lunch-40g-30227;2026-09-10
Bridor;40942;Couque au beurre 75g;VIEN;autres-viennoiseries;Les Evasions;Beurre Fin;https://www.bridor.com/fr-fr/catalogue-produit/viennoiseries/autres-viennoiseries/couque-au-beurre-75g-40942;2026-09-10
Bridor;40943;Couque au beurre aux Raisins 85g;VIEN;autres-viennoiseries;Les Evasions;Beurre Fin;https://www.bridor.com/fr-fr/catalogue-produit/viennoiseries/autres-viennoiseries/couque-au-beurre-aux-raisins-85g-40943;2026-09-10
Bridor;39776;Couronne Cerise et Graines de Lin Vegan Baker Solution 90g;VIEN;autres-viennoiseries;Les Maxi Gourmandes;Matière Grasse Végétale;https://www.bridor.com/fr-fr/catalogue-produit/viennoiseries/autres-viennoiseries/couronne-cerise-et-graines-de-lin-vegan-baker-solution-90g-39776;2026-09-10
Bridor;39775;Couronne Orange et éclats de noisette Vegan Baker Solution  90g;VIEN;autres-viennoiseries;Les Maxi Gourmandes;Matière Grasse Végétale;https://www.bridor.com/fr-fr/catalogue-produit/viennoiseries/autres-viennoiseries/couronne-orange-et-eclats-de-noisette-vegan-baker-solution-90g-39775;2026-09-10
Bridor;39774;Couronne Saveur vanille éclats de noisette Vegan Baker Solution 90g;VIEN;autres-viennoiseries;Les Maxi Gourmandes;Matière Grasse Végétale;https://www.bridor.com/fr-fr/catalogue-produit/viennoiseries/autres-viennoiseries/couronne-saveur-vanille-eclats-de-noisette-vegan-baker-solution-90g-39774;2026-09-10
Bridor;38203;Croissant 60g;VIEN;croissants;Les Irrésistibles;Beurre Fin;https://www.bridor.com/fr-fr/catalogue-produit/viennoiseries/autres-viennoiseries/croissant-60g-38203;2026-09-10
Bridor;40534;Croissant BIO 70g;VIEN;croissants;BIO;Beurre Bio;https://www.bridor.com/fr-fr/catalogue-produit/viennoiseries/autres-viennoiseries/croissant-bio-70g-40534;2026-09-10
Bridor;40449;DIY Brioche Feuilletée Spirale 330g;VIEN;autres-viennoiseries;Les Maxi Gourmandes;Beurre Fin;https://www.bridor.com/fr-fr/catalogue-produit/viennoiseries/autres-viennoiseries/diy-brioche-feuilletee-spirale-330g-40449;2026-09-10
Bridor;36622;Extravagant Choco-Crème 95g;PATI;autres-patisseries;Les Maxi Gourmandes;Beurre Fin;https://www.bridor.com/fr-fr/catalogue-produit/viennoiseries/autres-viennoiseries/extravagant-choco-creme-95g-36622;2026-09-10
Bridor;42841;Extravagant Choco-Crème SelectBlend 95g;PATI;autres-patisseries;Les Maxi Gourmandes;Matière Grasse Composée;https://www.bridor.com/fr-fr/catalogue-produit/viennoiseries/autres-viennoiseries/extravagant-choco-creme-selectblend-95g-42841;2026-09-10
Bridor;32063;Extravagant Crème 90g;PATI;autres-patisseries;Les Maxi Gourmandes;Beurre Fin;https://www.bridor.com/fr-fr/catalogue-produit/viennoiseries/autres-viennoiseries/extravagant-creme-90g-32063;2026-09-10
Bridor;37745;Extravagant Trois Chocolats 95g;VIEN;autres-viennoiseries;Les Maxi Gourmandes;Beurre Fin;https://www.bridor.com/fr-fr/catalogue-produit/viennoiseries/autres-viennoiseries/extravagant-trois-chocolats-95g-37745;2026-09-10
Bridor;42842;Extravagant Trois Chocolats SelectBlend 95g;VIEN;autres-viennoiseries;Les Maxi Gourmandes;Matière Grasse Composée;https://www.bridor.com/fr-fr/catalogue-produit/viennoiseries/autres-viennoiseries/extravagant-trois-chocolats-selectblend-95g-42842;2026-09-10
Bridor;43459;Finger au chocolat Milka® 90g (avec sachets);VIEN;autres-viennoiseries;Les Maxi Gourmandes;Matière Grasse Composée;https://www.bridor.com/fr-fr/catalogue-produit/viennoiseries/autres-viennoiseries/finger-au-chocolat-milka-R-90g-avec-sachets-43459;2026-09-10
Bridor;43620;Finger au chocolat Milka® 90g (avec stickers);VIEN;autres-viennoiseries;Les Maxi Gourmandes;Matière Grasse Composée;https://www.bridor.com/fr-fr/catalogue-produit/viennoiseries/autres-viennoiseries/finger-au-chocolat-milka-R-90g-avec-stickers-43620;2026-09-10
Bridor;43280;Finger Pistache Chocolat 90g;VIEN;autres-viennoiseries;Les Maxi Gourmandes;Beurre Fin;https://www.bridor.com/fr-fr/catalogue-produit/viennoiseries/autres-viennoiseries/finger-pistache-chocolat-90g-43280;2026-09-10
Bridor;32924;Mini Chausson aux Pommes 40g;VIEN;autres-viennoiseries;Les Savoureux;Beurre Fin;https://www.bridor.com/fr-fr/catalogue-produit/viennoiseries/autres-viennoiseries/mini-chausson-aux-pommes-40g-32924;2026-09-10
Bridor;40630;Mini Croissant 25g;VIEN;croissants;Les Savoureux;Beurre Fin;https://www.bridor.com/fr-fr/catalogue-produit/viennoiseries/autres-viennoiseries/mini-croissant-25g-40630;2026-09-10
Bridor;32330;Mini Extravagant Crème 40g;PATI;autres-patisseries;Les Mini Gourmandes;Beurre Fin;https://www.bridor.com/fr-fr/catalogue-produit/viennoiseries/autres-viennoiseries/mini-extravagant-creme-40g-32330;2026-09-10
Bridor;42869;Mini Extravagant Crème SelectBlend 40g;PATI;autres-patisseries;Les Mini Gourmandes;Matière Grasse Composée;https://www.bridor.com/fr-fr/catalogue-produit/viennoiseries/autres-viennoiseries/mini-extravagant-creme-selectblend-40g-42869;2026-09-10
Bridor;36815;Mini Extravagant Framboise 35g;VIEN;autres-viennoiseries;Les Mini Gourmandes;Beurre Fin;https://www.bridor.com/fr-fr/catalogue-produit/viennoiseries/autres-viennoiseries/mini-extravagant-framboise-35g-36815;2026-09-10
Bridor;36821;Mini Finger Praliné 35g;PATI;autres-patisseries;Les Mini Gourmandes;Beurre Fin;https://www.bridor.com/fr-fr/catalogue-produit/viennoiseries/autres-viennoiseries/mini-finger-praline-35g-36821;2026-09-10
Bridor;36814;Mini Jésuite Crème pâtissière à la vanille 40g;PATI;autres-patisseries;Les Mini Gourmandes;Beurre Fin;https://www.bridor.com/fr-fr/catalogue-produit/viennoiseries/autres-viennoiseries/mini-jesuite-creme-patissiere-a-la-vanille-40g-36814;2026-09-10
Bridor;31105;Mini Panier Fraise 40g;VIEN;autres-viennoiseries;Les Mini Gourmandes;Beurre Fin;https://www.bridor.com/fr-fr/catalogue-produit/viennoiseries/autres-viennoiseries/mini-panier-fraise-40g-31105;2026-09-10
Bridor;31104;Mini Panier Griotte 40g;VIEN;autres-viennoiseries;Les Mini Gourmandes;Beurre Fin;https://www.bridor.com/fr-fr/catalogue-produit/viennoiseries/autres-viennoiseries/mini-panier-griotte-40g-31104;2026-09-10
Bridor;31103;Mini Panier Mangue 40g;VIEN;autres-viennoiseries;Les Mini Gourmandes;Beurre Fin;https://www.bridor.com/fr-fr/catalogue-produit/viennoiseries/autres-viennoiseries/mini-panier-mangue-40g-31103;2026-09-10
Bridor;31106;Mini Panier Pomme Tatin 40g;VIEN;autres-viennoiseries;Les Mini Gourmandes;Beurre Fin;https://www.bridor.com/fr-fr/catalogue-produit/viennoiseries/autres-viennoiseries/mini-panier-pomme-tatin-40g-31106;2026-09-10
Bridor;32157;Mini Roulé Cannelle 35g;VIEN;autres-viennoiseries;Les Mini Gourmandes;Beurre Fin;https://www.bridor.com/fr-fr/catalogue-produit/viennoiseries/autres-viennoiseries/mini-roule-cannelle-35g-32157;2026-09-10
Bridor;44209;Mini Roulé Cannelle SelectBlend 35g;VIEN;autres-viennoiseries;Les Mini Gourmandes;Matière Grasse Composée;https://www.bridor.com/fr-fr/catalogue-produit/viennoiseries/autres-viennoiseries/mini-roule-cannelle-selectblend-35g-44209;2026-09-10
Bridor;42872;Mini Roulé Cannelle SelectBlend 35g;VIEN;autres-viennoiseries;Les Mini Gourmandes;Matière Grasse Composée;https://www.bridor.com/fr-fr/catalogue-produit/viennoiseries/autres-viennoiseries/mini-roule-cannelle-selectblend-35g-42872;2026-09-10
Bridor;42323;Mini Tartelette Ananas Passion 35g;PATI;autres-patisseries;Bridor Une Recette Lenôtre Professionnels;Beurre Fin;https://www.bridor.com/fr-fr/catalogue-produit/viennoiseries/autres-viennoiseries/mini-tartelette-ananas-passion-35g-42323;2026-09-10
Bridor;42322;Mini Tartelette Cassis Pomme 35g;PATI;autres-patisseries;Bridor Une Recette Lenôtre Professionnels;Beurre Fin;https://www.bridor.com/fr-fr/catalogue-produit/viennoiseries/autres-viennoiseries/mini-tartelette-cassis-pomme-35g-42322;2026-09-10
Bridor;42321;Mini Tartelette Pomme Poire 35g;PATI;autres-patisseries;Bridor Une Recette Lenôtre Professionnels;Beurre Fin;https://www.bridor.com/fr-fr/catalogue-produit/viennoiseries/autres-viennoiseries/mini-tartelette-pomme-poire-35g-42321;2026-09-10
Bridor;31293;Mini Torsade Chocolat 28g;VIEN;autres-viennoiseries;Les Mini Gourmandes;Beurre Fin;https://www.bridor.com/fr-fr/catalogue-produit/viennoiseries/autres-viennoiseries/mini-torsade-chocolat-28g-31293;2026-09-10
Bridor;31701;Mini Torsade Chocolat 28g;VIEN;autres-viennoiseries;Les Mini Gourmandes;Beurre Fin;https://www.bridor.com/fr-fr/catalogue-produit/viennoiseries/autres-viennoiseries/mini-torsade-chocolat-28g-31701;2026-09-10
Bridor;42873;Mini Torsade Chocolat SelectBlend 28g;VIEN;autres-viennoiseries;Les Mini Gourmandes;Matière Grasse Composée;https://www.bridor.com/fr-fr/catalogue-produit/viennoiseries/autres-viennoiseries/mini-torsade-chocolat-selectblend-28g-42873;2026-09-10
Bridor;32156;Mini Torsade Cranberries 30g;VIEN;autres-viennoiseries;Les Mini Gourmandes;Beurre Fin;https://www.bridor.com/fr-fr/catalogue-produit/viennoiseries/autres-viennoiseries/mini-torsade-cranberries-30g-32156;2026-09-10
Bridor;42868;Mini Torsade Cranberries SelectBlend 30g;VIEN;autres-viennoiseries;Les Mini Gourmandes;Matière Grasse Composée;https://www.bridor.com/fr-fr/catalogue-produit/viennoiseries/autres-viennoiseries/mini-torsade-cranberries-selectblend-30g-42868;2026-09-10
Bridor;42624;Mini Tresse Erable Pécan 40g;VIEN;autres-viennoiseries;Les Mini Gourmandes;Matière Grasse Végétale;https://www.bridor.com/fr-fr/catalogue-produit/viennoiseries/autres-viennoiseries/mini-tresse-erable-pecan-40g-42624;2026-09-10
Bridor;43088;Mix Mini croissants fourrés SelectBlend 40g;VIEN;croissants-fourres;Les Mini Gourmandes;;https://www.bridor.com/fr-fr/catalogue-produit/viennoiseries/autres-viennoiseries/mix-mini-croissants-fourres-selectblend-40g-43088;2026-09-10
Bridor;36822;Mix Mini Friandises;VIEN;autres-viennoiseries;Les Mini Gourmandes;Beurre Fin;https://www.bridor.com/fr-fr/catalogue-produit/viennoiseries/autres-viennoiseries/mix-mini-friandises-36822;2026-09-10
Bridor;32232;Mix Mini Gourmandises;VIEN;autres-viennoiseries;Les Mini Gourmandes;;https://www.bridor.com/fr-fr/catalogue-produit/viennoiseries/autres-viennoiseries/mix-mini-gourmandises-32232;2026-09-10
Bridor;42867;Mix Mini Gourmandises;VIEN;autres-viennoiseries;Les Mini Gourmandes;;https://www.bridor.com/fr-fr/catalogue-produit/viennoiseries/autres-viennoiseries/mix-mini-gourmandises-42867;2026-09-10
Bridor;31507;Mix Mini Panier aux Fruits 40g;VIEN;autres-viennoiseries;Les Mini Gourmandes;;https://www.bridor.com/fr-fr/catalogue-produit/viennoiseries/autres-viennoiseries/mix-mini-panier-aux-fruits-40g-31507;2026-09-10
Bridor;42337;Mix Mini Tartelette;PATI;autres-patisseries;Bridor Une Recette Lenôtre Professionnels;;https://www.bridor.com/fr-fr/catalogue-produit/viennoiseries/autres-viennoiseries/mix-mini-tartelette-42337;2026-09-10
Bridor;41214;Mix Mini Viennoiseries;VIEN;autres-viennoiseries;Les Savoureux;;https://www.bridor.com/fr-fr/catalogue-produit/viennoiseries/autres-viennoiseries/mix-mini-viennoiseries-41214;2026-09-10
Bridor;33861;Mix Mini Viennoiseries;VIEN;autres-viennoiseries;Bridor Une Recette Lenôtre Professionnels;;https://www.bridor.com/fr-fr/catalogue-produit/viennoiseries/autres-viennoiseries/mix-mini-viennoiseries-33861;2026-09-10
Bridor;42848;Mix Mini Viennoiseries;VIEN;autres-viennoiseries;Baker Solution;;https://www.bridor.com/fr-fr/catalogue-produit/viennoiseries/autres-viennoiseries/mix-mini-viennoiseries-42848;2026-09-10
Bridor;33320;Mix Mini Viennoiseries Lunch;VIEN;autres-viennoiseries;Les Savoureux;;https://www.bridor.com/fr-fr/catalogue-produit/viennoiseries/autres-viennoiseries/mix-mini-viennoiseries-lunch-33320;2026-09-10
Bridor;44270;Noeud Cannelle 120g;VIEN;autres-viennoiseries;Les Maxi Gourmandes;Matière Grasse Végétale;https://www.bridor.com/fr-fr/catalogue-produit/viennoiseries/autres-viennoiseries/noeud-cannelle-120g-44270;2026-09-10
Bridor;44269;Noeud Chocolat 120g;VIEN;autres-viennoiseries;Les Maxi Gourmandes;Matière Grasse Végétale;https://www.bridor.com/fr-fr/catalogue-produit/viennoiseries/autres-viennoiseries/noeud-chocolat-120g-44269;2026-09-10
Bridor;38204;Pain au Chocolat 70g;VIEN;pains-au-chocolat;Les Irrésistibles;Beurre Fin;https://www.bridor.com/fr-fr/catalogue-produit/viennoiseries/autres-viennoiseries/pain-au-chocolat-70g-38204;2026-09-10
Bridor;43239;Panier Crème Pâtissière Selectblend 100g;PATI;autres-patisseries;Les Maxi Gourmandes;Matière Grasse Composée;https://www.bridor.com/fr-fr/catalogue-produit/viennoiseries/autres-viennoiseries/panier-creme-patissiere-selectblend-100g-43239;2026-09-10
Bridor;43283;Panier Pomme 100g;VIEN;autres-viennoiseries;Les Maxi Gourmandes;Beurre Fin;https://www.bridor.com/fr-fr/catalogue-produit/viennoiseries/autres-viennoiseries/panier-pomme-100g-43283;2026-09-10
Bridor;42345;Roulé au chocolat Milka® 95g;VIEN;autres-viennoiseries;Les Maxi Gourmandes;Beurre Fin;https://www.bridor.com/fr-fr/catalogue-produit/viennoiseries/autres-viennoiseries/roule-au-chocolat-milka-R-95g-42345;2026-09-10
Bridor;40473;Roulé au chocolat Milka® 95g (avec sachets FR);VIEN;autres-viennoiseries;Les Maxi Gourmandes;Beurre Fin;https://www.bridor.com/fr-fr/catalogue-produit/viennoiseries/autres-viennoiseries/roule-au-chocolat-milka-R-95g-avec-sachets-fr-40473;2026-09-10
Bridor;42364;Roulé au chocolat Milka® 95g (avec stickers DE);VIEN;autres-viennoiseries;Les Maxi Gourmandes;Beurre Fin;https://www.bridor.com/fr-fr/catalogue-produit/viennoiseries/autres-viennoiseries/roule-au-chocolat-milka-R-95g-avec-stickers-de-42364;2026-09-10
Bridor;42266;Roulé au chocolat Milka® 95g (avec stickers EN);VIEN;autres-viennoiseries;Les Maxi Gourmandes;Beurre Fin;https://www.bridor.com/fr-fr/catalogue-produit/viennoiseries/autres-viennoiseries/roule-au-chocolat-milka-R-95g-avec-stickers-en-42266;2026-09-10
Bridor;42177;Roulé au chocolat Milka® 95g (avec stickers FR);VIEN;autres-viennoiseries;Les Maxi Gourmandes;Beurre Fin;https://www.bridor.com/fr-fr/catalogue-produit/viennoiseries/autres-viennoiseries/roule-au-chocolat-milka-R-95g-avec-stickers-fr-42177;2026-09-10
Bridor;32160;Roulé Cannelle 100g;VIEN;autres-viennoiseries;Les Maxi Gourmandes;Beurre Fin;https://www.bridor.com/fr-fr/catalogue-produit/viennoiseries/autres-viennoiseries/roule-cannelle-100g-32160;2026-09-10
Bridor;43399;Roulé Praliné et Noisettes Selectblend 100g;PATI;autres-patisseries;Les Maxi Gourmandes;Matière Grasse Composée;https://www.bridor.com/fr-fr/catalogue-produit/viennoiseries/autres-viennoiseries/roule-praline-et-noisettes-selectblend-100g-43399;2026-09-10
Bridor;39701;Roulé Ultra Kanel 100g;VIEN;autres-viennoiseries;Les Maxi Gourmandes;Beurre Fin;https://www.bridor.com/fr-fr/catalogue-produit/viennoiseries/autres-viennoiseries/roule-ultra-kanel-100g-39701;2026-09-10
Bridor;43908;Roulé Ultra Kanel Selectblend 100g;VIEN;autres-viennoiseries;Les Maxi Gourmandes;Matière Grasse Composée;https://www.bridor.com/fr-fr/catalogue-produit/viennoiseries/autres-viennoiseries/roule-ultra-kanel-selectblend-100g-43908;2026-09-10
Bridor;42762;Sensation Citron 70g;VIEN;autres-viennoiseries;Bridor x Pierre Hermé Paris;Beurre Charentes-Poitou AOP;https://www.bridor.com/fr-fr/catalogue-produit/viennoiseries/autres-viennoiseries/sensation-citron-70g-42762;2026-09-10
Bridor;42761;Signature Framboise Litchi  70g;VIEN;autres-viennoiseries;Bridor x Pierre Hermé Paris;Beurre Charentes-Poitou AOP;https://www.bridor.com/fr-fr/catalogue-produit/viennoiseries/autres-viennoiseries/signature-framboise-litchi-70g-42761;2026-09-10
Bridor;40498;Suisse aux Raisins 100g;VIEN;pains-au-chocolat;Les Maxi Gourmandes;Beurre Fin;https://www.bridor.com/fr-fr/catalogue-produit/viennoiseries/autres-viennoiseries/suisse-aux-raisins-100g-40498;2026-09-10
Bridor;33441;Suisse Chocolat 100g;VIEN;pains-au-chocolat;Les Maxi Gourmandes;Beurre Fin;https://www.bridor.com/fr-fr/catalogue-produit/viennoiseries/autres-viennoiseries/suisse-chocolat-100g-33441;2026-09-10
Bridor;30042;Suisse Chocolat 120g;VIEN;pains-au-chocolat;Les Maxi Gourmandes;Beurre Fin;https://www.bridor.com/fr-fr/catalogue-produit/viennoiseries/autres-viennoiseries/suisse-chocolat-120g-30042;2026-09-10
Bridor;42843;Suisse Chocolat SelectBlend 100g;VIEN;pains-au-chocolat;Les Maxi Gourmandes;Matière Grasse Composée;https://www.bridor.com/fr-fr/catalogue-produit/viennoiseries/autres-viennoiseries/suisse-chocolat-selectblend-100g-42843;2026-09-10
Bridor;30302;Torsade Chocolat 120g;VIEN;autres-viennoiseries;Les Maxi Gourmandes;Beurre Fin;https://www.bridor.com/fr-fr/catalogue-produit/viennoiseries/autres-viennoiseries/torsade-chocolat-120g-30302;2026-09-10
Bridor;34060;Torsade Chocolat Noir 110g;VIEN;autres-viennoiseries;Les Maxi Gourmandes;Beurre Fin;https://www.bridor.com/fr-fr/catalogue-produit/viennoiseries/autres-viennoiseries/torsade-chocolat-noir-110g-34060;2026-09-10
Bridor;42623;Tresse Erable Pécan 95g;VIEN;autres-viennoiseries;Les Maxi Gourmandes;Matière Grasse Végétale;https://www.bridor.com/fr-fr/catalogue-produit/viennoiseries/autres-viennoiseries/tresse-erable-pecan-95g-42623;2026-09-10
Bridor;32672;Baguette 1778 280g;PAIN;baguettes;Les Gourmets;;https://www.bridor.com/fr-fr/catalogue-produit/pains/baguettes/baguette-1778-280g-32672;2026-09-10
Bridor;37449;Baguette BIO 280g;PAIN;baguettes;BIO;;https://www.bridor.com/fr-fr/catalogue-produit/pains/baguettes/baguette-bio-280g-37449;2026-09-10
Bridor;36831;Baguette Caractère 280g;PAIN;baguettes;Les Gourmets;;https://www.bridor.com/fr-fr/catalogue-produit/pains/baguettes/baguette-caractere-280g-36831;2026-09-10
Bridor;34792;Baguette de Campagne 280g;PAIN;baguettes;Les Essentiels;;https://www.bridor.com/fr-fr/catalogue-produit/pains/baguettes/baguette-de-campagne-280g-34792;2026-09-10
Bridor;42332;Baguette Gourmet aux Graines 280g;PAIN;baguettes;Les Gourmets;;https://www.bridor.com/fr-fr/catalogue-produit/pains/baguettes/baguette-gourmet-aux-graines-280g-42332;2026-09-10
Bridor;34791;Baguette Multigrains 280g;PAIN;baguettes;Les Essentiels;;https://www.bridor.com/fr-fr/catalogue-produit/pains/baguettes/baguette-multigrains-280g-34791;2026-09-10
Bridor;34790;Baguette Nature 280g;PAIN;baguettes;Les Essentiels;;https://www.bridor.com/fr-fr/catalogue-produit/pains/baguettes/baguette-nature-280g-34790;2026-09-10
Bridor;43904;Baguette Nature 400g;PAIN;baguettes;Les Essentiels;;https://www.bridor.com/fr-fr/catalogue-produit/pains/baguettes/baguette-nature-400g-43904;2026-09-10
Bridor;42611;Baguette Nova 280g;PAIN;baguettes;Les Essentiels;;https://www.bridor.com/fr-fr/catalogue-produit/pains/baguettes/baguette-nova-280g-42611;2026-09-10
Bridor;33364;La Baguette de Campagne 280g;PAIN;baguettes;Bridor Signé Frédéric Lalos;;https://www.bridor.com/fr-fr/catalogue-produit/pains/baguettes/la-baguette-de-campagne-280g-33364;2026-09-10
Bridor;33362;La Baguette Parisienne 280g;PAIN;baguettes;Bridor Signé Frédéric Lalos;;https://www.bridor.com/fr-fr/catalogue-produit/pains/baguettes/la-baguette-parisienne-280g-33362;2026-09-10
Bridor;37022;Baguettine Bleu Blanc Cœur 140g;PAIN;baguettes;Mieux-être;;https://www.bridor.com/fr-fr/catalogue-produit/pains/pains-sandwich/baguettine-bleu-blanc-caeur-140g-37022;2026-09-10
Bridor;42619;Baguettine Caractère 140g;PAIN;baguettes;Les Gourmets;;https://www.bridor.com/fr-fr/catalogue-produit/pains/pains-sandwich/baguettine-caractere-140g-42619;2026-09-10
Bridor;42884;Baguettine Gourmet aux Graines 140g;PAIN;baguettes;Les Gourmets;;https://www.bridor.com/fr-fr/catalogue-produit/pains/pains-sandwich/baguettine-gourmet-aux-graines-140g-42884;2026-09-10
Bridor;31611;Baguettine Graines et Céréales 140g;PAIN;baguettes;Les Gourmets;;https://www.bridor.com/fr-fr/catalogue-produit/pains/pains-sandwich/baguettine-graines-et-cereales-140g-31611;2026-09-10
Bridor;34794;Baguettine Multigrains 140g;PAIN;baguettes;Les Essentiels;;https://www.bridor.com/fr-fr/catalogue-produit/pains/pains-sandwich/baguettine-multigrains-140g-34794;2026-09-10
Bridor;31610;Baguettine Nature 140g;PAIN;baguettes;Les Gourmets;;https://www.bridor.com/fr-fr/catalogue-produit/pains/pains-sandwich/baguettine-nature-140g-31610;2026-09-10
Bridor;34793;Baguettine Nature 140g;PAIN;baguettes;Les Essentiels;;https://www.bridor.com/fr-fr/catalogue-produit/pains/pains-sandwich/baguettine-nature-140g-34793;2026-09-10
Bridor;35021;Baguettine Pavot 140g;PAIN;baguettes;Les Essentiels;;https://www.bridor.com/fr-fr/catalogue-produit/pains/pains-sandwich/baguettine-pavot-140g-35021;2026-09-10
Bridor;37147;Ciabatta Huile d'Olive 140g;SNAC;snacking;Les Evasions;;https://www.bridor.com/fr-fr/catalogue-produit/pains/pains-sandwich/ciabatta-huile-d-olive-140g-37147;2026-09-10
Bridor;37140;Ciabatta Nature 140g;PAIN;pains-a-partager;Les Evasions;;https://www.bridor.com/fr-fr/catalogue-produit/pains/pains-sandwich/ciabatta-nature-140g-37140;2026-09-10
Bridor;36110;Pain Brioché façon Viennois 130g;VIEN;autres-viennoiseries;Les Evasions;;https://www.bridor.com/fr-fr/catalogue-produit/pains/pains-sandwich/pain-brioche-facon-viennois-130g-36110;2026-09-10
Bridor;36417;SO Moelleux Nature 100g;PATI;autres-patisseries;Les Evasions;;https://www.bridor.com/fr-fr/catalogue-produit/pains/pains-sandwich/so-moelleux-nature-100g-36417;2026-09-10
Bridor;37393;B'Break 2 olives et Romarin 70g;SNAC;snacking;Les Gourmands;;https://www.bridor.com/fr-fr/catalogue-produit/pains/petits-pains/b-break-2-olives-et-romarin-70g-37393;2026-09-10
Bridor;37394;B'Break Chorizo 70g;SNAC;snacking;Les Gourmands;;https://www.bridor.com/fr-fr/catalogue-produit/pains/petits-pains/b-break-chorizo-70g-37394;2026-09-10
Bridor;42665;Boule Chocolat 60g;PAIN;petits-pains;Les Gourmands;;https://www.bridor.com/fr-fr/catalogue-produit/pains/petits-pains/boule-chocolat-60g-42665;2026-09-10
Bridor;35130;Boule Rustique 55g;PAIN;petits-pains;Les Gourmets;;https://www.bridor.com/fr-fr/catalogue-produit/pains/petits-pains/boule-rustique-55g-35130;2026-09-10
Bridor;37396;B’Break Muesli 70g;PAIN;petits-pains;Les Gourmands;;https://www.bridor.com/fr-fr/catalogue-produit/pains/petits-pains/b-break-muesli-70g-37396;2026-09-10
Bridor;32147;Carré Rustique 40g;PAIN;autres-pains;Les Gourmets;;https://www.bridor.com/fr-fr/catalogue-produit/pains/petits-pains/carre-rustique-40g-32147;2026-09-10
Bridor;31520;Carré Rustique 40g;PAIN;autres-pains;Les Gourmets;;https://www.bridor.com/fr-fr/catalogue-produit/pains/petits-pains/carre-rustique-40g-31520;2026-09-10
Bridor;31692;Finedor® Epi 40g;PAIN;petits-pains;Bridor Une Recette Lenôtre Professionnels;;https://www.bridor.com/fr-fr/catalogue-produit/pains/petits-pains/finedor-R-epi-40g-31692;2026-09-10
Bridor;36768;Finedor® Graines Anciennes 50g;PAIN;petits-pains;Bridor Une Recette Lenôtre Professionnels;;https://www.bridor.com/fr-fr/catalogue-produit/pains/petits-pains/finedor-R-graines-anciennes-50g-36768;2026-09-10
Bridor;31301;Finedor® Nature 45g;PAIN;petits-pains;Bridor Une Recette Lenôtre Professionnels;;https://www.bridor.com/fr-fr/catalogue-produit/pains/petits-pains/finedor-R-nature-45g-31301;2026-09-10
Bridor;30895;Finedor® Nature 45g;PAIN;petits-pains;Bridor Une Recette Lenôtre Professionnels;;https://www.bridor.com/fr-fr/catalogue-produit/pains/petits-pains/finedor-R-nature-45g-30895;2026-09-10
Bridor;31823;Finedor® Olives noires et Thym 50g;SNAC;snacking;Bridor Une Recette Lenôtre Professionnels;;https://www.bridor.com/fr-fr/catalogue-produit/pains/petits-pains/finedor-R-olives-noires-et-thym-50g-31823;2026-09-10
Bridor;31586;Flute Nature 70g;PAIN;baguettes;Les Essentiels;;https://www.bridor.com/fr-fr/catalogue-produit/pains/petits-pains/flute-nature-70g-31586;2026-09-10
Bridor;33002;Losange Graines et Céréales 55g;PAIN;petits-pains;Les Essentiels;;https://www.bridor.com/fr-fr/catalogue-produit/pains/petits-pains/losange-graines-et-cereales-55g-33002;2026-09-10
Bridor;33000;Losange Nature 55g;PAIN;petits-pains;Les Essentiels;;https://www.bridor.com/fr-fr/catalogue-produit/pains/petits-pains/losange-nature-55g-33000;2026-09-10
Bridor;33001;Losange Pavot 55g;PAIN;petits-pains;Les Essentiels;;https://www.bridor.com/fr-fr/catalogue-produit/pains/petits-pains/losange-pavot-55g-33001;2026-09-10
Bridor;33003;Losange Sésame 55g;PAIN;petits-pains;Les Essentiels;;https://www.bridor.com/fr-fr/catalogue-produit/pains/petits-pains/losange-sesame-55g-33003;2026-09-10
Bridor;41586;Mini pain brun 33g;PAIN;autres-pains;Panidor;;https://www.bridor.com/fr-fr/catalogue-produit/pains/petits-pains/mini-pain-brun-33g-41586;2026-09-10
Bridor;41595;Mini Pain Céréales et Graines 33g;PAIN;autres-pains;Panidor;;https://www.bridor.com/fr-fr/catalogue-produit/pains/petits-pains/mini-pain-cereales-et-graines-33g-41595;2026-09-10
Bridor;41584;Mini pain Rustique 33g;PAIN;autres-pains;Panidor;;https://www.bridor.com/fr-fr/catalogue-produit/pains/petits-pains/mini-pain-rustique-33g-41584;2026-09-10
Bridor;43378;Pavé aux Graines 60g;PAIN;petits-pains;Les Gourmets;;https://www.bridor.com/fr-fr/catalogue-produit/pains/petits-pains/pave-aux-graines-60g-43378;2026-09-10
Bridor;33417;Pavé de Campagne 50g;PAIN;petits-pains;Les Gourmets;;https://www.bridor.com/fr-fr/catalogue-produit/pains/petits-pains/pave-de-campagne-50g-33417;2026-09-10
Bridor;30729;Pavé de Campagne 70g;PAIN;petits-pains;Les Gourmets;;https://www.bridor.com/fr-fr/catalogue-produit/pains/petits-pains/pave-de-campagne-70g-30729;2026-09-10
Bridor;43379;Pavé à l'épeautre 60g;PAIN;petits-pains;Les Gourmets;;https://www.bridor.com/fr-fr/catalogue-produit/pains/petits-pains/pave-a-l-epeautre-60g-43379;2026-09-10
Bridor;31480;Petit Pain au Seigle 45g;PAIN;petits-pains;Les Gourmets;;https://www.bridor.com/fr-fr/catalogue-produit/pains/petits-pains/petit-pain-au-seigle-45g-31480;2026-09-10
Bridor;33994;Petit Pain au Seigle 50g;PAIN;petits-pains;Bridor Une Recette Lenôtre Professionnels;;https://www.bridor.com/fr-fr/catalogue-produit/pains/petits-pains/petit-pain-au-seigle-50g-33994;2026-09-10
Bridor;38942;Petit Pain BIO 50g;PAIN;petits-pains;BIO;;https://www.bridor.com/fr-fr/catalogue-produit/pains/petits-pains/petit-pain-bio-50g-38942;2026-09-10
Bridor;41694;Petit Pain Bleu Blanc Cœur 40g;PAIN;petits-pains;Mieux-être;;https://www.bridor.com/fr-fr/catalogue-produit/pains/petits-pains/petit-pain-bleu-blanc-caeur-40g-41694;2026-09-10
Bridor;37021;Petit Pain Bleu Blanc Cœur 50g;PAIN;petits-pains;Mieux-être;;https://www.bridor.com/fr-fr/catalogue-produit/pains/petits-pains/petit-pain-bleu-blanc-caeur-50g-37021;2026-09-10
Bridor;41594;Petit Pain brun 80g;PAIN;petits-pains;Panidor;;https://www.bridor.com/fr-fr/catalogue-produit/pains/petits-pains/petit-pain-brun-80g-41594;2026-09-10
Bridor;37627;Petit Pain Caractère 50g;PAIN;petits-pains;Les Gourmets;;https://www.bridor.com/fr-fr/catalogue-produit/pains/petits-pains/petit-pain-caractere-50g-37627;2026-09-10
Bridor;37628;Petit Pain Céréales et Graines 50g;PAIN;petits-pains;Les Gourmets;;https://www.bridor.com/fr-fr/catalogue-produit/pains/petits-pains/petit-pain-cereales-et-graines-50g-37628;2026-09-10
Bridor;30893;Petit Pain de Campagne 45g;PAIN;petits-pains;Bridor Une Recette Lenôtre Professionnels;;https://www.bridor.com/fr-fr/catalogue-produit/pains/petits-pains/petit-pain-de-campagne-45g-30893;2026-09-10
Bridor;37453;Petit Pain Figues 55g;PAIN;petits-pains;Les Gourmands;;https://www.bridor.com/fr-fr/catalogue-produit/pains/petits-pains/petit-pain-figues-55g-37453;2026-09-10
Bridor;30898;Petit Pain Graines et Céréales 45g;PAIN;petits-pains;Bridor Une Recette Lenôtre Professionnels;;https://www.bridor.com/fr-fr/catalogue-produit/pains/petits-pains/petit-pain-graines-et-cereales-45g-30898;2026-09-10
Bridor;37090;Petit Pain Multigrains 40g;PAIN;petits-pains;Les Essentiels;;https://www.bridor.com/fr-fr/catalogue-produit/pains/petits-pains/petit-pain-multigrains-40g-37090;2026-09-10
Bridor;34921;Petit Pain Nature 40g;PAIN;petits-pains;Les Essentiels;;https://www.bridor.com/fr-fr/catalogue-produit/pains/petits-pains/petit-pain-nature-40g-34921;2026-09-10
Bridor;37452;Petit Pain Noix et Noisettes 55g;PAIN;petits-pains;Les Gourmands;;https://www.bridor.com/fr-fr/catalogue-produit/pains/petits-pains/petit-pain-noix-et-noisettes-55g-37452;2026-09-10
Bridor;37089;Petit pain rectangle Multigrains 55g;PAIN;petits-pains;Les Essentiels;;https://www.bridor.com/fr-fr/catalogue-produit/pains/petits-pains/petit-pain-rectangle-multigrains-55g-37089;2026-09-10
Bridor;34922;Petit Pain rectangle Nature 55g;PAIN;petits-pains;Les Essentiels;;https://www.bridor.com/fr-fr/catalogue-produit/pains/petits-pains/petit-pain-rectangle-nature-55g-34922;2026-09-10
Bridor;34971;Petit Pain rectangle Rustique aux graines 55g;PAIN;petits-pains;Les Essentiels;;https://www.bridor.com/fr-fr/catalogue-produit/pains/petits-pains/petit-pain-rectangle-rustique-aux-graines-55g-34971;2026-09-10
Bridor;41590;Petit Pain Rustique 90g;PAIN;petits-pains;Panidor;;https://www.bridor.com/fr-fr/catalogue-produit/pains/petits-pains/petit-pain-rustique-90g-41590;2026-09-10
Bridor;43291;Petit Pain Rustique aux graines 40g;PAIN;petits-pains;Les Essentiels;;https://www.bridor.com/fr-fr/catalogue-produit/pains/petits-pains/petit-pain-rustique-aux-graines-40g-43291;2026-09-10
Bridor;30897;Petit Pain triangle aux Olives Vertes 45g;SNAC;snacking;Bridor Une Recette Lenôtre Professionnels;;https://www.bridor.com/fr-fr/catalogue-produit/pains/petits-pains/petit-pain-triangle-aux-olives-vertes-45g-30897;2026-09-10
Bridor;39040;Petite Boule esprit Nordique 60g;PAIN;petits-pains;Bridor Une Recette Lenôtre Professionnels;;https://www.bridor.com/fr-fr/catalogue-produit/pains/petits-pains/petite-boule-esprit-nordique-60g-39040;2026-09-10
Bridor;33363;Le Bâtard 330g;PAIN;autres-pains;Bridor Signé Frédéric Lalos;;https://www.bridor.com/fr-fr/catalogue-produit/pains/pains-a-partager/le-batard-330g-33363;2026-09-10
Bridor;33365;Le Bâtard 540g;PAIN;autres-pains;Bridor Signé Frédéric Lalos;;https://www.bridor.com/fr-fr/catalogue-produit/pains/pains-a-partager/le-batard-540g-33365;2026-09-10
Bridor;34233;Le Complet 330g;PAIN;autres-pains;Bridor Signé Frédéric Lalos;;https://www.bridor.com/fr-fr/catalogue-produit/pains/pains-a-partager/le-complet-330g-34233;2026-09-10
Bridor;38148;Le Céréalier 280g;PAIN;autres-pains;Bridor Signé Frédéric Lalos;;https://www.bridor.com/fr-fr/catalogue-produit/pains/pains-a-partager/le-cerealier-280g-38148;2026-09-10
Bridor;32992;Le Céréalier 450g;PAIN;autres-pains;Bridor Signé Frédéric Lalos;;https://www.bridor.com/fr-fr/catalogue-produit/pains/pains-a-partager/le-cerealier-450g-32992;2026-09-10
Bridor;41017;Le Grand Céréalier 1.1kg;PAIN;autres-pains;Bridor Signé Frédéric Lalos;;https://www.bridor.com/fr-fr/catalogue-produit/pains/pains-a-partager/le-grand-cerealier-1.1kg-41017;2026-09-10
Bridor;43242;Le Grand Céréalier 700g;PAIN;autres-pains;Bridor Signé Frédéric Lalos;;https://www.bridor.com/fr-fr/catalogue-produit/pains/pains-a-partager/le-grand-cerealier-700g-43242;2026-09-10
Bridor;41016;le Grand Parisien 1.1kg;PAIN;pains-a-partager;Bridor Signé Frédéric Lalos;;https://www.bridor.com/fr-fr/catalogue-produit/pains/pains-a-partager/le-grand-parisien-1.1kg-41016;2026-09-10
Bridor;41009;Le Grand Pochon 1.1kg;PAIN;pains-a-partager;Bridor Signé Frédéric Lalos;;https://www.bridor.com/fr-fr/catalogue-produit/pains/pains-a-partager/le-grand-pochon-1.1kg-41009;2026-09-10
Bridor;43243;Le Grand Pochon 700g;PAIN;pains-a-partager;Bridor Signé Frédéric Lalos;;https://www.bridor.com/fr-fr/catalogue-produit/pains/pains-a-partager/le-grand-pochon-700g-43243;2026-09-10
Bridor;41630;Le Muesli 280g;PAIN;pains-a-partager;Bridor Signé Frédéric Lalos;;https://www.bridor.com/fr-fr/catalogue-produit/pains/pains-a-partager/le-muesli-280g-41630;2026-09-10
Bridor;34234;Le Pavé aux Noix 400g;PAIN;pains-a-partager;Bridor Signé Frédéric Lalos;;https://www.bridor.com/fr-fr/catalogue-produit/pains/pains-a-partager/le-pave-aux-noix-400g-34234;2026-09-10
Bridor;41015;Le Pochon 280g;PAIN;pains-a-partager;Bridor Signé Frédéric Lalos;;https://www.bridor.com/fr-fr/catalogue-produit/pains/pains-a-partager/le-pochon-280g-41015;2026-09-10
Bridor;32993;Le Pochon 450g;PAIN;pains-a-partager;Bridor Signé Frédéric Lalos;;https://www.bridor.com/fr-fr/catalogue-produit/pains/pains-a-partager/le-pochon-450g-32993;2026-09-10
Bridor;34909;Miche à l'épeautre 450g;PAIN;pains-a-partager;Les Gourmets;;https://www.bridor.com/fr-fr/catalogue-produit/pains/pains-a-partager/miche-a-l-epeautre-450g-34909;2026-09-10
Bridor;41583;Pain au potiron et noix 350g;PAIN;autres-pains;Panidor;;https://www.bridor.com/fr-fr/catalogue-produit/pains/pains-a-partager/pain-au-potiron-et-noix-350g-41583;2026-09-10
Bridor;34230;Pain aux Figues 330g;PAIN;autres-pains;Bridor Signé Frédéric Lalos;;https://www.bridor.com/fr-fr/catalogue-produit/pains/pains-a-partager/pain-aux-figues-330g-34230;2026-09-10
Bridor;30894;Pain aux fruits 180g;PAIN;autres-pains;Bridor Une Recette Lenôtre Professionnels;;https://www.bridor.com/fr-fr/catalogue-produit/pains/pains-a-partager/pain-aux-fruits-180g-30894;2026-09-10
Bridor;40497;Pain aux Fruits 300g;PAIN;autres-pains;Les Gourmands;;https://www.bridor.com/fr-fr/catalogue-produit/pains/pains-a-partager/pain-aux-fruits-300g-40497;2026-09-10
Bridor;41299;Pain Céréales et Graines 400g;PAIN;autres-pains;Les Gourmets;;https://www.bridor.com/fr-fr/catalogue-produit/pains/pains-a-partager/pain-cereales-et-graines-400g-41299;2026-09-10
Bridor;41288;Pain Kürbiskern 750g;PAIN;autres-pains;Les Evasions;;https://www.bridor.com/fr-fr/catalogue-produit/pains/pains-a-partager/pain-kuerbiskern-750g-41288;2026-09-10
Bridor;34110;Pain seigle-citron 330g;PAIN;autres-pains;Bridor Signé Frédéric Lalos;;https://www.bridor.com/fr-fr/catalogue-produit/pains/pains-a-partager/pain-seigle-citron-330g-34110;2026-09-10
Bridor;38226;Pave Nordique 330g;PAIN;pains-a-partager;Les Evasions;;https://www.bridor.com/fr-fr/catalogue-produit/pains/pains-a-partager/pave-nordique-330g-38226;2026-09-10
Bridor;39019;Pave Nordique BIO 280g;PAIN;pains-a-partager;BIO;;https://www.bridor.com/fr-fr/catalogue-produit/pains/pains-a-partager/pave-nordique-bio-280g-39019;2026-09-10
Bridor;30734;Pave Rustique 450g;PAIN;autres-pains;Les Gourmets;;https://www.bridor.com/fr-fr/catalogue-produit/pains/pains-a-partager/pave-rustique-450g-30734;2026-09-10
Bridor;35030;Pavé au Seigle 330g;PAIN;pains-a-partager;Les Gourmets;;https://www.bridor.com/fr-fr/catalogue-produit/pains/pains-a-partager/pave-au-seigle-330g-35030;2026-09-10
Bridor;30735;Pavé aux Céréales 450g;PAIN;pains-a-partager;Les Gourmets;;https://www.bridor.com/fr-fr/catalogue-produit/pains/pains-a-partager/pave-aux-cereales-450g-30735;2026-09-10
Bridor;35026;Pavé aux Figues 330g;PAIN;pains-a-partager;Les Gourmands;;https://www.bridor.com/fr-fr/catalogue-produit/pains/pains-a-partager/pave-aux-figues-330g-35026;2026-09-10
Bridor;40496;Pavé aux Noix 300g;PAIN;pains-a-partager;Les Gourmands;;https://www.bridor.com/fr-fr/catalogue-produit/pains/pains-a-partager/pave-aux-noix-300g-40496;2026-09-10
Bridor;31816;Pavé de Campagne 450g;PAIN;pains-a-partager;Les Gourmets;;https://www.bridor.com/fr-fr/catalogue-produit/pains/pains-a-partager/pave-de-campagne-450g-31816;2026-09-10
Bridor;37448;Pavé de Campagne BIO 400g;PAIN;pains-a-partager;BIO;;https://www.bridor.com/fr-fr/catalogue-produit/pains/pains-a-partager/pave-de-campagne-bio-400g-37448;2026-09-10
Bridor;41289;Triangle Vollkorn 750g;PAIN;pains-a-partager;Les Evasions;;https://www.bridor.com/fr-fr/catalogue-produit/pains/pains-a-partager/triangle-vollkorn-750g-41289;2026-09-10
Bridor;40517;Focaccia Cinquanta Nature 450g;PAIN;pains-a-partager;Les Evasions;;https://www.bridor.com/fr-fr/catalogue-produit/pains/autres-pains/focaccia-cinquanta-nature-450g-40517;2026-09-10
Bridor;41595;Mini Pain Céréales et Graines 33g;PAIN;autres-pains;Panidor;;https://www.bridor.com/fr-fr/catalogue-produit/pains/petits-pains/mini-pain-cereales-et-graines-33g-41595;2026-09-10
Bridor;41584;Mini pain Rustique 33g;PAIN;autres-pains;Panidor;;https://www.bridor.com/fr-fr/catalogue-produit/pains/petits-pains/mini-pain-rustique-33g-41584;2026-09-10
Bridor;33074;Mix Losanges 55g;PAIN;autres-pains;Les Essentiels;;https://www.bridor.com/fr-fr/catalogue-produit/pains/autres-pains/mix-losanges-55g-33074;2026-09-10
Bridor;37551;Mix Petit Pain rectangle 55g;PAIN;petits-pains;Les Essentiels;;https://www.bridor.com/fr-fr/catalogue-produit/pains/autres-pains/mix-petit-pain-rectangle-55g-37551;2026-09-10
Bridor;43458;Mix Petits Pains 40g;PAIN;autres-pains;Les Essentiels;;https://www.bridor.com/fr-fr/catalogue-produit/pains/autres-pains/mix-petits-pains-40g-43458;2026-09-10
Bridor;31588;Mix Petits pains Prestige 45g;PAIN;autres-pains;Bridor Une Recette Lenôtre Professionnels;;https://www.bridor.com/fr-fr/catalogue-produit/pains/autres-pains/mix-petits-pains-prestige-45g-31588;2026-09-10
Bridor;35432;Petit Pain aux Graines Sans Gluten 45g;PAIN;petits-pains;Mieux-être;;https://www.bridor.com/fr-fr/catalogue-produit/pains/autres-pains/petit-pain-aux-graines-sans-gluten-45g-35432;2026-09-10
Bridor;35700;Petit Pain aux Graines Sans Gluten 45g;PAIN;petits-pains;Mieux-être;;https://www.bridor.com/fr-fr/catalogue-produit/pains/autres-pains/petit-pain-aux-graines-sans-gluten-45g-35700;2026-09-10
Bridor;38941;Petit Pain BIO 50g;PAIN;petits-pains;BIO;;https://www.bridor.com/fr-fr/catalogue-produit/pains/autres-pains/petit-pain-bio-50g-38941;2026-09-10
Bridor;35433;Petit Pain Nature Sans Gluten 45g;PAIN;petits-pains;Mieux-être;;https://www.bridor.com/fr-fr/catalogue-produit/pains/autres-pains/petit-pain-nature-sans-gluten-45g-35433;2026-09-10
Bridor;43248;Pinsa 205g;PAIN;autres-pains;Les Evasions;;https://www.bridor.com/fr-fr/catalogue-produit/pains/autres-pains/pinsa-205g-43248;2026-09-10
Bridor;43244;Pinsa 450g;PAIN;autres-pains;Les Evasions;;https://www.bridor.com/fr-fr/catalogue-produit/pains/autres-pains/pinsa-450g-43244;2026-09-10
Bridor;38558;Sachet x 2 Baguettines Nature 140g;PAIN;baguettes;Les Essentiels;;https://www.bridor.com/fr-fr/catalogue-produit/pains/autres-pains/sachet-x-2-baguettines-nature-140g-38558;2026-09-10
Bridor;38366;Bun'n'Roll 85g;SNAC;snacking;Les Snacks Salés;Beurre Fin;https://www.bridor.com/fr-fr/catalogue-produit/snacking/bun-n-roll-85g-38366;2026-09-10
Bridor;36967;Bun'n'roll 85g avec moules;SNAC;snacking;Les Snacks Salés;Beurre Fin;https://www.bridor.com/fr-fr/catalogue-produit/snacking/bun-n-roll-85g-avec-moules-36967;2026-09-10
Bridor;37455;Croissant fourré Fromage 90g;SNAC;snacking;Les Snacks Salés;Beurre Fin;https://www.bridor.com/fr-fr/catalogue-produit/snacking/croissant-fourre-fromage-90g-37455;2026-09-10
Bridor;42974;Croissant fourré fromage SelectBlend 95g;SNAC;snacking;Les Snacks Salés;Matière Grasse Composée;https://www.bridor.com/fr-fr/catalogue-produit/snacking/croissant-fourre-fromage-selectblend-95g-42974;2026-09-10
Bridor;43375;Délice Feta et Epinards Selectblend 100g;SNAC;toutes;Les Snacks Salés;Matière Grasse Composée;https://www.bridor.com/fr-fr/catalogue-produit/snacking/delice-feta-et-epinards-selectblend-100g-43375;2026-09-10
Bridor;43374;Délice Tomate et Fromage de Chèvre Selectblend 100g;SNAC;snacking;Les Snacks Salés;Matière Grasse Composée;https://www.bridor.com/fr-fr/catalogue-produit/snacking/delice-tomate-et-fromage-de-chevre-selectblend-100g-43374;2026-09-10
Bridor;38798;Extravagant Fromage 35g;SNAC;snacking;Les Snacks Salés;Beurre Fin;https://www.bridor.com/fr-fr/catalogue-produit/snacking/extravagant-fromage-35g-38798;2026-09-10
Bridor;40643;Feuilleté au Fromage La Vache Qui Rit® 100g (avec sachets);SNAC;snacking;Les Snacks Salés;Beurre Fin;https://www.bridor.com/fr-fr/catalogue-produit/snacking/feuillete-au-fromage-la-vache-qui-rit-R-100g-avec-sachets-40643;2026-09-10
Bridor;40642;Feuilleté au Fromage La Vache Qui Rit® 100g (avec stickers);SNAC;snacking;Les Snacks Salés;Beurre Fin;https://www.bridor.com/fr-fr/catalogue-produit/snacking/feuillete-au-fromage-la-vache-qui-rit-R-100g-avec-stickers-40642;2026-09-10
Bridor;41251;Finger Fromage 90g;SNAC;snacking;Les Snacks Salés;Beurre Fin;https://www.bridor.com/fr-fr/catalogue-produit/snacking/finger-fromage-90g-41251;2026-09-10
Bridor;43278;Mini Feuilleté au Fromage La Vache qui rit® 40g (avec sachets);SNAC;snacking;Les Snacks Salés;Matière Grasse Composée;https://www.bridor.com/fr-fr/catalogue-produit/snacking/mini-feuillete-au-fromage-la-vache-qui-rit-R-40g-avec-sachets-43278;2026-09-10
Bridor;43272;Mini Feuilleté au Fromage La Vache qui rit® 40g (avec stickers);SNAC;snacking;Les Snacks Salés;Matière Grasse Composée;https://www.bridor.com/fr-fr/catalogue-produit/snacking/mini-feuillete-au-fromage-la-vache-qui-rit-R-40g-avec-stickers-43272;2026-09-10
Bridor;38925;Mini Roulé Fromage 35g;SNAC;snacking;Les Snacks Salés;Beurre Fin;https://www.bridor.com/fr-fr/catalogue-produit/snacking/mini-roule-fromage-35g-38925;2026-09-10
Bridor;38926;Mini Roulé Pesto 30g;SNAC;toutes;Les Snacks Salés;Beurre Fin;https://www.bridor.com/fr-fr/catalogue-produit/snacking/mini-roule-pesto-30g-38926;2026-09-10
Bridor;38929;Mini Roulé Pizza 35g;SNAC;snacking;Les Snacks Salés;Beurre Fin;https://www.bridor.com/fr-fr/catalogue-produit/snacking/mini-roule-pizza-35g-38929;2026-09-10
Bridor;38928;Mix Mini Roulé Salé;SNAC;toutes;Les Snacks Salés;;https://www.bridor.com/fr-fr/catalogue-produit/snacking/mix-mini-roule-sale-38928;2026-09-10
Bridor;34401;Panier Jambon Fromage 100g;SNAC;snacking;Les Snacks Salés;Beurre Fin;https://www.bridor.com/fr-fr/catalogue-produit/snacking/panier-jambon-fromage-100g-34401;2026-09-10
Bridor;33123;Roulé Jambon Fromage 120g;SNAC;snacking;Les Snacks Salés;Beurre Fin;https://www.bridor.com/fr-fr/catalogue-produit/snacking/roule-jambon-fromage-120g-33123;2026-09-10
Bridor;43318;Roulé Pesto 100g;SNAC;toutes;Les Snacks Salés;Beurre Fin;https://www.bridor.com/fr-fr/catalogue-produit/snacking/roule-pesto-100g-43318;2026-09-10
Bridor;43319;Roulé Tomates Marinara 100g;SNAC;toutes;Les Snacks Salés;Beurre Fin;https://www.bridor.com/fr-fr/catalogue-produit/snacking/roule-tomates-marinara-100g-43319;2026-09-10
Bridor;38200;Blister de macarons Saveurs Classiques (8 x 12 g);PATI;macarons;Les Délices;;https://www.bridor.com/fr-fr/catalogue-produit/patisserie/macarons/blister-de-macarons-saveurs-classiques-8-x-12-g-38200;2026-09-10
Bridor;33440;Plateau de macarons Assortiment n°1 (48 x 12 g);PATI;macarons;Bridor Une Recette Lenôtre Professionnels;;https://www.bridor.com/fr-fr/catalogue-produit/patisserie/macarons/plateau-de-macarons-assortiment-n-1-48-x-12-g-33440;2026-09-10
Bridor;34111;Plateau de macarons Assortiment n°2 (48 x 12 g);PATI;macarons;Bridor Une Recette Lenôtre Professionnels;;https://www.bridor.com/fr-fr/catalogue-produit/patisserie/macarons/plateau-de-macarons-assortiment-n-2-48-x-12-g-34111;2026-09-10
Bridor;35726;Plateau de macarons Café (48 x 12 g);PATI;macarons;Bridor Une Recette Lenôtre Professionnels;;https://www.bridor.com/fr-fr/catalogue-produit/patisserie/macarons/plateau-de-macarons-cafe-48-x-12-g-35726;2026-09-10
Bridor;35724;Plateau de macarons Caramel au beurre salé (48 x 12 g);PATI;macarons;Bridor Une Recette Lenôtre Professionnels;;https://www.bridor.com/fr-fr/catalogue-produit/patisserie/macarons/plateau-de-macarons-caramel-au-beurre-sale-48-x-12-g-35724;2026-09-10
Bridor;35722;Plateau de macarons Chocolat (48 x 12 g);PATI;macarons;Bridor Une Recette Lenôtre Professionnels;;https://www.bridor.com/fr-fr/catalogue-produit/patisserie/macarons/plateau-de-macarons-chocolat-48-x-12-g-35722;2026-09-10
Bridor;35723;Plateau de macarons Citron (48 x 12 g);PATI;macarons;Bridor Une Recette Lenôtre Professionnels;;https://www.bridor.com/fr-fr/catalogue-produit/patisserie/macarons/plateau-de-macarons-citron-48-x-12-g-35723;2026-09-10
Bridor;35721;Plateau de macarons Framboise (48 x 12 g);PATI;macarons;Bridor Une Recette Lenôtre Professionnels;;https://www.bridor.com/fr-fr/catalogue-produit/patisserie/macarons/plateau-de-macarons-framboise-48-x-12-g-35721;2026-09-10
Bridor;35725;Plateau de macarons Pistache (48 x 12 g);PATI;macarons;Bridor Une Recette Lenôtre Professionnels;;https://www.bridor.com/fr-fr/catalogue-produit/patisserie/macarons/plateau-de-macarons-pistache-48-x-12-g-35725;2026-09-10
Bridor;36173;Plateau de macarons Saveurs Classiques (48 x 12 g);PATI;macarons;Les Délices;;https://www.bridor.com/fr-fr/catalogue-produit/patisserie/macarons/plateau-de-macarons-saveurs-classiques-48-x-12-g-36173;2026-09-10
Bridor;35720;Plateau de macarons Vanille (48 x 12 g);PATI;macarons;Bridor Une Recette Lenôtre Professionnels;;https://www.bridor.com/fr-fr/catalogue-produit/patisserie/macarons/plateau-de-macarons-vanille-48-x-12-g-35720;2026-09-10
Bridor;41935;Plateau Macarons Saveurs intenses 12g;PATI;macarons;Les Délices;;https://www.bridor.com/fr-fr/catalogue-produit/patisserie/macarons/plateau-macarons-saveurs-intenses-12g-41935;2026-09-10
Bridor;41587;Mini Pastel de Nata 35g;PATI;pastel-de-nata;Panidor;Matière Grasse Composée;https://www.bridor.com/fr-fr/catalogue-produit/patisserie/pastel-de-nata/mini-pastel-de-nata-35g-41587;2026-09-10
Bridor;42452;Pastel de Nata 50g;PATI;pastel-de-nata;Panidor;Beurre Fin;https://www.bridor.com/fr-fr/catalogue-produit/patisserie/pastel-de-nata/pastel-de-nata-50g-42452;2026-09-10
Bridor;42655;Pastel de Nata 60g;PATI;pastel-de-nata;Panidor;Beurre Fin;https://www.bridor.com/fr-fr/catalogue-produit/patisserie/pastel-de-nata/pastel-de-nata-60g-42655;2026-09-10
Bridor;42450;Pastel de Nata 60g;PATI;pastel-de-nata;Panidor;Matière Grasse Végétale;https://www.bridor.com/fr-fr/catalogue-produit/patisserie/pastel-de-nata/pastel-de-nata-60g-42450;2026-09-10
Bridor;41370;Pastel de Nata 60g;PATI;pastel-de-nata;Panidor;Matière Grasse Végétale;https://www.bridor.com/fr-fr/catalogue-produit/patisserie/pastel-de-nata/pastel-de-nata-60g-41370;2026-09-10
Bridor;39747;Pastel de Nata 60g;PATI;pastel-de-nata;Panidor;Beurre Fin;https://www.bridor.com/fr-fr/catalogue-produit/patisserie/pastel-de-nata/pastel-de-nata-60g-39747;2026-09-10
Bridor;30081;plaque de pâte feuilletée 2kg;PATI;pates-feuilletees;Les Créatives;Beurre Charentes-Poitou AOP;https://www.bridor.com/fr-fr/catalogue-produit/patisserie/pates-feuilletees/plaque-de-pate-feuilletee-2kg-30081;2026-09-10
Bridor;34171;plaque de pâte feuilletée 300g;PATI;pates-feuilletees;Les Créatives;Beurre Fin;https://www.bridor.com/fr-fr/catalogue-produit/patisserie/pates-feuilletees/plaque-de-pate-feuilletee-300g-34171;2026-09-10
Bridor;34813;plaque de pâte levée feuilletée 500g;PATI;pates-feuilletees;Les Créatives;Beurre Fin;https://www.bridor.com/fr-fr/catalogue-produit/patisserie/pates-feuilletees/plaque-de-pate-levee-feuilletee-500g-34813;2026-09-10
Bridor;41591;Bola de Berlim creamy 120g;PATI;autres-patisseries;Panidor;Matière Grasse Composée;https://www.bridor.com/fr-fr/catalogue-produit/patisserie/autres-patisseries/bola-de-berlim-creamy-120g-41591;2026-09-10
Bridor;41588;Bola de Berlim Nature 80g;PATI;autres-patisseries;Panidor;Matière Grasse Composée;https://www.bridor.com/fr-fr/catalogue-produit/patisserie/autres-patisseries/bola-de-berlim-nature-80g-41588;2026-09-10
Bridor;35431;Briochette Sans Gluten 50g;VIEN;autres-viennoiseries;Mieux-être;Beurre Fin;https://www.bridor.com/fr-fr/catalogue-produit/patisserie/autres-patisseries/briochette-sans-gluten-50g-35431;2026-09-10
Bridor;35430;Madeleine Sans Gluten 30g;PATI;autres-patisseries;Mieux-être;Beurre Fin;https://www.bridor.com/fr-fr/catalogue-produit/patisserie/autres-patisseries/madeleine-sans-gluten-30g-35430;2026-09-10
Bridor;38973;Muffin Chocolat aux éclats de chocolat 95g;PATI;patisserie-americaine;Les Evasions;;https://www.bridor.com/fr-fr/catalogue-produit/patisserie/autres-patisseries/muffin-chocolat-aux-eclats-de-chocolat-95g-38973;2026-09-10
Bridor;38978;Muffin Chocolat fourré choco-noisettes 120g;PATI;patisserie-americaine;Les Evasions;;https://www.bridor.com/fr-fr/catalogue-produit/patisserie/autres-patisseries/muffin-chocolat-fourre-choco-noisettes-120g-38978;2026-09-10
Bridor;38974;Muffin Myrtilles 95g;PATI;patisserie-americaine;Les Evasions;;https://www.bridor.com/fr-fr/catalogue-produit/patisserie/autres-patisseries/muffin-myrtilles-95g-38974;2026-09-10
